,Thumbnail URL,Title
0,https://i.ytimg.com/vi/KknNmrixt9Y/sddefault.jpg,MY FIRST TIME in Vietnam ğŸ‡»ğŸ‡³ Ho Chi Minh City (Saigon) is REMARKABLE!
1,https://i.ytimg.com/vi/h0Ia7Ddt88Q/sddefault.jpg,AMAZING FIRST IMPRESSIONS of Ho Chi Minh City (Saigon) Vietnam ğŸ‡»ğŸ‡³
2,https://i.ytimg.com/vi/3xI5Ig2mXhc/sddefault.jpg,$45 LUXURY Airbnb Condo in Thao Dien ğŸ‡»ğŸ‡³ DIGITAL NOMAD in Ho Chi Minh City (Saigon) Vietnam
3,https://i.ytimg.com/vi/7EfERkvUEcY/sddefault.jpg,This is How They Treat you in VIETNAM ğŸ‡»ğŸ‡³ STREET FOOD in District 4 | Ho Chi Minh City (Saigon)
4,https://i.ytimg.com/vi/zfZsSSl0IMM/sddefault.jpg,Inside Rich Vietnam ğŸ‡»ğŸ‡³ SHOCKING Thao Dien (Ho Chi Minh City) Area
5,https://i.ytimg.com/vi/AkSWY4rBc4A/sddefault.jpg,Vietnam's Biggest Banh Mi *FAMOUS* ğŸ‡»ğŸ‡³ Ho Chi Minh City (Saigon)
6,https://i.ytimg.com/vi/FXg8ksz2KF4/sddefault.jpg,"THE BEST AREA in Saigon...(by far?) | INCREDIBLE Ho Chi Minh City, Vietnam ğŸ‡»ğŸ‡³"
7,https://i.ytimg.com/vi/nYcV43jqKzI/sddefault.jpg,STREET FOOD HEAVEN in Ho Chi Minh City (Saigon) ğŸ‡»ğŸ‡³ | Vietnam
8,https://i.ytimg.com/vi/xTZblAWYS4s/sddefault.jpg,My FIRST TIME in Bonifacio Global City (BGC) ğŸ‡µğŸ‡­ SHOCKED this is Manila | Philippines
9,https://i.ytimg.com/vi/tp_sWmrWdrs/sddefault.jpg,MY FIRST TIME in the Philippines [AMAZING] ğŸ‡µğŸ‡­ Manila
10,https://i.ytimg.com/vi/ztYhn-8StLI/sddefault.jpg,My FIRST IMPRESSIONS of the Philippines! ğŸ‡µğŸ‡­ Manila (UNBELIEVABLE)
11,https://i.ytimg.com/vi/ck0RVeesEXk/sddefault.jpg,I Came Back to MANILA for THIS! ğŸ‡µğŸ‡­ (I LOVE it Here) | Philippines
12,https://i.ytimg.com/vi/UAC0jPgSaqc/sddefault.jpg,SURPRISED By My FIRST TIME in Cebu City | Philippines ğŸ‡µğŸ‡­
13,https://i.ytimg.com/vi/rmQDjbvJVik/sddefault.jpg,My FIRST TIME trying JOLLIBEE ğŸ‡µğŸ‡­ Philippines
14,https://i.ytimg.com/vi/bVL9h3Z190k/sddefault.jpg,FIBA IN MANILA ğŸ‡µğŸ‡­ This Was an UNEXPECTED DAY in the BGC | Philippines
15,https://i.ytimg.com/vi/oxUy4-XHOoA/sddefault.jpg,I've Never Done this Before...ğŸ‡µğŸ‡­ LUXURY in Bonifacio Global City (BGC) | Philippines
16,https://i.ytimg.com/vi/P_BqWqFi-T0/sddefault.jpg,My Honest Opinion of Boracay (Should You Visit?) | Philippines ğŸ‡µğŸ‡­
17,https://i.ytimg.com/vi/SVkyOpm3no8/sddefault.jpg,My Experience in the Philippines after 2 Months ğŸ‡µğŸ‡­ HONEST TRUTH
18,https://i.ytimg.com/vi/pHgC5ghFrx4/sddefault.jpg,I Visited the LARGEST MALL in the Philippines ğŸ‡µğŸ‡­ MALL OF ASIA is MUST TRY!
19,https://i.ytimg.com/vi/bn0wp-60nXs/sddefault.jpg,5-STAR LUXURY RESORT IN BOHOL ğŸ‡µğŸ‡­ Philippines [Tour + Review]
20,https://i.ytimg.com/vi/b4N7pN99bqo/sddefault.jpg,Exploring Rich Manila ğŸ‡µğŸ‡­ MAKATI GREENBELT is LUXURY | Philippines
21,https://i.ytimg.com/vi/c3jnnyv_Fzo/sddefault.jpg,DANGEROUS Night in Manila | Philippines ğŸ‡µğŸ‡­
22,https://i.ytimg.com/vi/kx6mSt_uCAk/sddefault.jpg,I LOVE THE PHILIPPINES! My BEST Experience | Divisoria Market ğŸ‡µğŸ‡­ Manila
23,https://i.ytimg.com/vi/BbxmXKRItgc/sddefault.jpg,How to Extend Your Tourist Visa in the Philippines ğŸ‡µğŸ‡­
24,https://i.ytimg.com/vi/sFTatbKmh0g/sddefault.jpg,I Found the BEST SPOT in BGC (Bonifacio Global City) ğŸ‡µğŸ‡­ | Philippines
25,https://i.ytimg.com/vi/gBK15S_jP-Q/sddefault.jpg,Moalboal is a Traveler's PARADISE! ğŸ‡µğŸ‡­ Philippines
26,https://i.ytimg.com/vi/nK7TiHzd0sg/sddefault.jpg,The Philippines is MORE than Just White Sand Beaches...ğŸ‡µğŸ‡­
27,https://i.ytimg.com/vi/B6lfipLUNC0/sddefault.jpg,VENICE GRAND CANAL MALL ğŸ‡µğŸ‡­ An INCREDIBLE Experience in the Philippines
28,https://i.ytimg.com/vi/g0p9j0vOsAo/sddefault.jpg,Searching for the World's BEST Lechon in the Philippines ğŸ‡µğŸ‡­
29,https://i.ytimg.com/vi/pjwkVyzdvS0/sddefault.jpg,MUST TRY MARKET in the Philippines [STREET FOOD] ğŸ‡µğŸ‡­ Salcedo Weekend Market
30,https://i.ytimg.com/vi/vXMKkrbaBLE/sddefault.jpg,BUSINESS CLASS FERRY ğŸ‡µğŸ‡­ Roundtrip Cebu to Bohol | Philippines
31,https://i.ytimg.com/vi/ztYhn-8StLI/sddefault.jpg,My FIRST IMPRESSIONS of the Philippines! ğŸ‡µğŸ‡­ Manila (UNBELIEVABLE)
32,https://i.ytimg.com/vi/Gt1c-o8FTRQ/sddefault.jpg,MCDONALDS PHILIPPINES is DIFFERENT ğŸ‡µğŸ‡­ Trying Special Menu Items
33,https://i.ytimg.com/vi/tp_sWmrWdrs/sddefault.jpg,MY FIRST TIME in the Philippines [AMAZING] ğŸ‡µğŸ‡­ Manila
34,https://i.ytimg.com/vi/F-dSclRj-dk/sddefault.jpg,I Came Back to BANGKOK For THIS! ğŸ‡¹ğŸ‡­ [I Love this Place] | Thailand
35,https://i.ytimg.com/vi/tFxhZowL-_o/sddefault.jpg,MCDONALDS THAILAND is the BEST in the World ğŸ‡¹ğŸ‡­ Special Menu Items
36,https://i.ytimg.com/vi/eIPYVFTeGus/sddefault.jpg,MY FIRST TIME in Thailand ğŸ‡¹ğŸ‡­ (This is INCREDIBLE)
37,https://i.ytimg.com/vi/yFO8hPsR7VI/sddefault.jpg,FIRST IMPRESSIONS of Bangkok! ğŸ‡¹ğŸ‡­ THAILAND SURPRISED Me!
38,https://i.ytimg.com/vi/s03ZztVyDVY/sddefault.jpg,I Was NOT Expecting this in Bangkok ğŸ‡¹ğŸ‡­ Thailand
39,https://i.ytimg.com/vi/UG1Jlfr98Bg/sddefault.jpg,"MARKET HUNT at the WORLD'S LARGEST Weekend Market | Bangkok, Thailand ğŸ‡¹ğŸ‡­"
40,https://i.ytimg.com/vi/qiG1v5fZb5I/sddefault.jpg,This Place SHOCKED Me in Bangkok ğŸ‡¹ğŸ‡­ EmQuartier
41,https://i.ytimg.com/vi/sLV1MpBlSJQ/sddefault.jpg,INSIDE Bangkok's BEST Night Market! INSANE Street Food | Jodd Fairs
42,https://i.ytimg.com/vi/6ISevtImVtg/sddefault.jpg,JODD FAIRS DanNeramit is Bangkok's NEWEST Night Market! *AMAZING* ğŸ‡¹ğŸ‡­
43,https://i.ytimg.com/vi/TWoDPL4bFrc/sddefault.jpg,First Day Back in BANGKOK ğŸ‡¹ğŸ‡­ Why I Keep Going to THAILAND...[I LOVE IT HERE]
44,https://i.ytimg.com/vi/90r0A3dHi4k/sddefault.jpg,American AVOIDS DISASTER and Tries EXOTIC Fruit in Modern Bangkok | Thailand
45,https://i.ytimg.com/vi/d82NxgpUBcQ/sddefault.jpg,FEASTING at Thailand's CHEAPEST Night Market ğŸ‡¹ğŸ‡­ | Langmor
46,https://i.ytimg.com/vi/9g9X76oD_Yg/sddefault.jpg,The REAL Reason People Come to Thailand (Not What You Think)... ğŸ‡¹ğŸ‡­
47,https://i.ytimg.com/vi/PAxeRy4-aSo/sddefault.jpg,$2.89 Thai Lottery Ticket in Bangkok's TRENDIEST District ğŸ‡¹ğŸ‡­
48,https://i.ytimg.com/vi/O1CzYyz7ESg/sddefault.jpg,"I CAN'T BELIEVE this is Bangkok, Thailand! ğŸ‡¹ğŸ‡­ | KOREAN TOWN"
49,https://i.ytimg.com/vi/GRIsn7G9xNI/sddefault.jpg,$150 Steak in DOWNTOWN BANGKOK (I Was SHOCKED) | Thailand ğŸ‡¹ğŸ‡­
50,https://i.ytimg.com/vi/JR_wkV0b2qo/sddefault.jpg,STREET FOOD HEAVEN in Chinatown Bangkok's Yaowarat Market! MICHELIN MADNESS! ğŸ‡¹ğŸ‡­
51,https://i.ytimg.com/vi/E35_BTXNl7I/sddefault.jpg,DISCOVERING Bangkok's WILDEST Place! | Khaosan Road ğŸ‡¹ğŸ‡­
52,https://i.ytimg.com/vi/ptQSYqeGcHI/sddefault.jpg,Bangkok's BEST Hotel ğŸ‡¹ğŸ‡­ $500 Per Night (Marriott Athenee Hotel) | LUXURY COLLECTION
53,https://i.ytimg.com/vi/bpu_iKRuKWY/sddefault.jpg,My FIRST TIME in PATTAYA ğŸ‡¹ğŸ‡­ Thailand
54,https://i.ytimg.com/vi/alXamv5X2I8/sddefault.jpg,"EXTREMELY LOCAL Street Food and Shopping at Wang Lang Market ğŸ‡¹ğŸ‡­ Bangkok, Thailand"
55,https://i.ytimg.com/vi/47S-zoShh7s/sddefault.jpg,Inside Thailand's OLD CITY - Ayutthaya ğŸ‡¹ğŸ‡­ DON'T MISS THIS When Traveling Here
56,https://i.ytimg.com/vi/447Dy8AMYu4/sddefault.jpg,"I Bought a $1,500 Youtube Channel and Earned $__,___"
57,https://i.ytimg.com/vi/sTio_0rwR1s/sddefault.jpg,24 Hours Inside Ghana's Capital City (crazy African megacity)
58,https://i.ytimg.com/vi/WfXRc3OPaLk/sddefault.jpg,Inside Ghana's Biggest Slum (crazy neighborhood on African coast)
59,https://i.ytimg.com/vi/abZPr5kRRlg/sddefault.jpg,Inside Ghana's Huge Coastal City (life here is surreal)
60,https://i.ytimg.com/vi/QBpaEVllyzI/sddefault.jpg,Inside Crazy Northern Ghana (it's another planet)
61,https://i.ytimg.com/vi/sNSIhIzr3io/sddefault.jpg,Day 1: Walking Streets of South Sudan (beyond words)
62,https://i.ytimg.com/vi/GM9Ax72RpWM/sddefault.jpg,Inside South Sudan's Capital City ($2 per month salary)
63,https://i.ytimg.com/vi/ydnnRyPPLs4/sddefault.jpg,Overwhelming 24 Hours in South Sudan (harsh reality)
64,https://i.ytimg.com/vi/GAtRDW7W7RU/sddefault.jpg,Inside Remote City of South Sudan (not safe)
65,https://i.ytimg.com/vi/Glx7AmJW_FY/sddefault.jpg,Day 1: Walking Streets of Haiti (most dangerous country in world)
66,https://i.ytimg.com/vi/HzBKaiSFCZc/sddefault.jpg,Caught in Shooting in Haiti's Biggest Slum (terrifying)
67,https://i.ytimg.com/vi/AYDhvf8s3Cg/sddefault.jpg,Inside Haitiâ€™s Gang Neighborhoods (interrogated by military)
68,https://i.ytimg.com/vi/wB4cef1RLSU/sddefault.jpg,Threatened by Bandits in Haiti (beyond crazy)
69,https://i.ytimg.com/vi/M-HX-rsR-EM/sddefault.jpg,Caught in Dangerous Protest in Haiti (lawless)
70,https://i.ytimg.com/vi/g94OOxy7Qrc/sddefault.jpg,24 hours Inside Haiti's Capital City (extremely dangerous)
71,https://i.ytimg.com/vi/1xazm1NfPro/sddefault.jpg,DAY 1: Arriving in Ukraine During War (24 hour train)
72,https://i.ytimg.com/vi/_MCaP48Guog/sddefault.jpg,Walking Ukraine's Destroyed Streets in War (beyond words)
73,https://i.ytimg.com/vi/L3EQiRxfBW4/sddefault.jpg,Inside Destroyed City in Ukraine During War (devastating)
74,https://i.ytimg.com/vi/PSnyGJQ8A7o/sddefault.jpg,Inside Underground Bunker During Bombing in Ukraine War.
75,https://i.ytimg.com/vi/Qa22ChHCx4c/sddefault.jpg,Inside East Ukraine War Zone (surrounded by bombing)
76,https://i.ytimg.com/vi/HGPaoKPck4g/sddefault.jpg,Caught in Bombing on Ukraine Front Line (beyond extreme)
77,https://i.ytimg.com/vi/2ZrYwuxThFA/sddefault.jpg,"Lagos, Nigeria is Crazy (Largest City in Africa - 25 Million People)"
78,https://i.ytimg.com/vi/8NTIY8Qy2f0/sddefault.jpg,Inside Nigeria's Biggest Slum (beyond crazy)
79,https://i.ytimg.com/vi/_B84YhqlmfM/sddefault.jpg,Walking Streets of Huge Nigerian City (absolutely insane)
80,https://i.ytimg.com/vi/EcdSjrJGEJ0/sddefault.jpg,Inside Northern Nigeria (government told me not to come)
81,https://i.ytimg.com/vi/3iW8B0ZDauM/sddefault.jpg,Overwhelming 24 Hours in Nigeria (this is extreme)
82,https://i.ytimg.com/vi/tiTl3220jGA/sddefault.jpg,Harsh Reality in Nigeria's North (brutal living conditions)
83,https://i.ytimg.com/vi/bl8FPYOnJ4M/sddefault.jpg,Day 1: Arriving in Yemen (surreal to be here)
84,https://i.ytimg.com/vi/u4afYXL-tps/sddefault.jpg,Walking Streets of Yemen (harsh reality)
85,https://i.ytimg.com/vi/c9zz7-mRjxo/sddefault.jpg,24 Hours as Tourist in Yemen (Extreme Travel)
86,https://i.ytimg.com/vi/5o8PBiwo_oM/sddefault.jpg,Harsh Conditions on Streets of Yemen ğŸ‡¾ğŸ‡ª
87,https://i.ytimg.com/vi/f3qTyyAIaLw/sddefault.jpg,The Other Side of Yemen (not seen on mainstream media)
88,https://i.ytimg.com/vi/DjJz6uJ7zJI/sddefault.jpg,DAY 1: Arriving in Libya (beyond expectations)
89,https://i.ytimg.com/vi/BPqX2omIvIY/sddefault.jpg,24 Hours as Tourist in Libya (not easy)
90,https://i.ytimg.com/vi/HSNgr0pBXJU/sddefault.jpg,15 Hours Inside Libya (met local girl)
91,https://i.ytimg.com/vi/nYEDbebUjX4/sddefault.jpg,Walking Streets of Libya's Capital City (didn't end well)
92,https://i.ytimg.com/vi/asE4LTvU9ZE/sddefault.jpg,On the Ground in Libya | What is it really like?
93,https://i.ytimg.com/vi/27_IHbxwQHQ/sddefault.jpg,Inside Chernobyl's Empty Hospital (surreal experience)
94,https://i.ytimg.com/vi/1fbJ-cUjJ04/sddefault.jpg,The Last Resident of Chernobyl (isolated inside the exclusion zone)
95,https://i.ytimg.com/vi/BaXUZcVHQEE/sddefault.jpg,Inside Ukraine's Chernobyl Exclusion Zone (In the Red-Zone)
96,https://i.ytimg.com/vi/-M9u59YI7Ec/sddefault.jpg,DAY 1: Arriving in Honduras (not safe)
97,https://i.ytimg.com/vi/O7myjMrU2FE/sddefault.jpg,Inside Honduras' Most Dangerous Neighborhood (harsh reality)
98,https://i.ytimg.com/vi/-6GjMqMn9Vo/sddefault.jpg,Inside Honduras' African Neighborhood (brutal reality)
99,https://i.ytimg.com/vi/yQ9fBVEpGg4/sddefault.jpg,Walking Streets of Honduras Capital City (extremely dangerous)
100,https://i.ytimg.com/vi/4GzW0G34SPg/sddefault.jpg,1 Day as a Tourist in Honduras (extreme travel)
101,https://i.ytimg.com/vi/k3pFTIZvdh0/sddefault.jpg,"SÃƒO PAULO, BRAZIL (Biggest City in Southern Hemisphere)"
102,https://i.ytimg.com/vi/QiqsD4wF8II/sddefault.jpg,BRAZIL'S CHERNOBYL - This City was the Most Polluted on Earth
103,https://i.ytimg.com/vi/og9kpw5vxh4/sddefault.jpg,Inside Brazil's Biggest Slum (life here is unbelievable)
104,https://i.ytimg.com/vi/V2kolF4yo-Q/sddefault.jpg,Inside Brazil's Most Dangerous Neighborhood (Extreme Slum)
105,https://i.ytimg.com/vi/SoTY_aTNH5A/sddefault.jpg,"Manaus, Brazil (Huge City in Amazon of 2 Million People)"
106,https://i.ytimg.com/vi/1NZEp90ps-Q/sddefault.jpg,Arriving at Venezuela & Brazil Border (overwhelming situation)
107,https://i.ytimg.com/vi/5xVWkcg1T0Y/sddefault.jpg,Inside Venezuelan Slum at Brazil Border (harsh conditions)
108,https://i.ytimg.com/vi/Qs7VVuD8vqg/sddefault.jpg,SALVADOR (Brazil's unreal African City of 4 million people)
109,https://i.ytimg.com/vi/Tw3AY2PcSIw/sddefault.jpg,"Walking Streets of Beirut, Lebanon (destroyed city)"
110,https://i.ytimg.com/vi/37PVQ-2pEV8/sddefault.jpg,"Beirut, Lebanon: Aftermath of the Port Explosion"
111,https://i.ytimg.com/vi/Kykoq7GKyP0/sddefault.jpg,Caught in Gunfire on the Streets of Tripoli
112,https://i.ytimg.com/vi/I5wfUFqSmB8/sddefault.jpg,Inside a Syrian Border Neighborhood
113,https://i.ytimg.com/vi/P7zMGvEPA4Q/sddefault.jpg,Lebanon is Falling - Economic Disaster in Middle East
114,https://i.ytimg.com/vi/ToGRP5YBQ64/sddefault.jpg,INSIDE MILLIONAIREâ€™S COUNTRY-CLUB (Lebanonâ€™s other side)
115,https://i.ytimg.com/vi/sBak6QDJe7A/sddefault.jpg,VISITING SYRIA BORDER TOWN (Extreme Travel in Middle East)
116,https://i.ytimg.com/vi/1U3aFx_NLjI/sddefault.jpg,Exploring Israel - Lebanon Border (very tense)
117,https://i.ytimg.com/vi/HUejS6E4uUs/sddefault.jpg,Lebanon's Black Market Exchange Rate (currency collapse)
118,https://i.ytimg.com/vi/oddKS-FYnlM/sddefault.jpg,PAKISTAN DAY 1 ğŸ‡µğŸ‡° (Country of 200 million People!)
119,https://i.ytimg.com/vi/aUs1FpEg0gM/sddefault.jpg,WALKING STREETS OF PAKISTAN ğŸ‡µğŸ‡° (not what you think)
120,https://i.ytimg.com/vi/7EIdKjigVBg/sddefault.jpg,24 HOUR TRAIN IN PAKISTAN ğŸ‡µğŸ‡° (Extreme Travel Pakistan)
121,https://i.ytimg.com/vi/7VpJ6oPD7wQ/sddefault.jpg,CAN'T BELIEVE IT'S PAKISTAN ğŸ‡µğŸ‡° (Didn't expect this)
122,https://i.ytimg.com/vi/nWhzwngY29U/sddefault.jpg,INSIDE PAKISTAN ğŸ‡µğŸ‡° (Walking Streets & Meeting Local People)
123,https://i.ytimg.com/vi/SwI0UbLKQ80/sddefault.jpg,JOURNEY TO PAKISTAN MOUNTAINS ğŸ‡µğŸ‡° Incredible Day in the Wilderness
124,https://i.ytimg.com/vi/ou1lEJzv4XU/sddefault.jpg,A DIFFERENT SIDE OF PAKISTAN ğŸ‡µğŸ‡° (Unique Travel Experience)
125,https://i.ytimg.com/vi/349_bOKqE8U/sddefault.jpg,ISLAMABAD to KARACHI ğŸ‡µğŸ‡° Journey to the Megacity of 25 Million in Pakistan
126,https://i.ytimg.com/vi/FUvURd9hQbA/sddefault.jpg,PAKISTAN'S SHIP GRAVEYARD ğŸ‡µğŸ‡° Abandoned ships from all over the world on coast
127,https://i.ytimg.com/vi/BjsjEdCUymg/sddefault.jpg,SCAMMED IN PAKISTAN (Avoid this shop)
128,https://i.ytimg.com/vi/r07YYE6qIKQ/sddefault.jpg,PAKISTAN SCAM PART 2 (They Responded)
129,https://i.ytimg.com/vi/8MX1zPRsJvY/sddefault.jpg,INSIDE AFGHANISTAN 2019 (Extreme Travel Afghanistan)
130,https://i.ytimg.com/vi/nItZneMrm80/sddefault.jpg,THIS IS AFGHANISTAN? (You Won't Believe it's Afghanistan)
131,https://i.ytimg.com/vi/FbHgKnzIEFg/sddefault.jpg,WALKING STREETS OF AFGHANISTAN (Not Safe)
132,https://i.ytimg.com/vi/f1l-BKcYemw/sddefault.jpg,1 DAY IN AFGHANISTAN (Extreme Travel Afghanistan)
133,https://i.ytimg.com/vi/ILttyLplPPg/sddefault.jpg,VISITING A THEME PARK IN AFGHANISTAN.
134,https://i.ytimg.com/vi/Rp04gvm87rk/sddefault.jpg,SIGNS OF U.S.A. ON STREETS OF AFGHANISTAN (Extreme Travel Afghanistan)
135,https://i.ytimg.com/vi/sdr5jaJU6Co/sddefault.jpg,"KABUL, AFGHANISTAN'S CAPITAL (Exploring the Notorious City)"
136,https://i.ytimg.com/vi/K3WOuS0TpsY/sddefault.jpg,IRAN to AFGHANISTAN - Which is more Dangerous? (from my experience)
137,https://i.ytimg.com/vi/aLZYFKjVhjI/sddefault.jpg,Day 1: Inside Somalia (not what I expected)
138,https://i.ytimg.com/vi/wvtHDCiKHME/sddefault.jpg,WALKING STREETS OF SOMALIA (You won't believe it's Somalia)
139,https://i.ytimg.com/vi/_ch7hYh4BtA/sddefault.jpg,1 DAY as a TOURIST in SOMALIA (Extreme Travel Somalia)
140,https://i.ytimg.com/vi/0PUj8Qz2XIg/sddefault.jpg,On Somalia Beach Looking for Pirates (extreme travel Somalia)
141,https://i.ytimg.com/vi/ElomgXSgHdA/sddefault.jpg,DEEP INSIDE SOMALIA (Exploring Remote Regions of Somalia)
142,https://i.ytimg.com/vi/Pk1XJlFxVKs/sddefault.jpg,SOMALIA - ETHIOPIA BORDER JOURNEY (Leaving Somalia)
143,https://i.ytimg.com/vi/jN5LZR4ejkg/sddefault.jpg,Day 1: Inside Venezuela (surreal experience)
144,https://i.ytimg.com/vi/IYVkFcWqcIo/sddefault.jpg,Inside Venezuelaâ€™s Biggest Slum (Extremely Dangerous)
145,https://i.ytimg.com/vi/oi5oF7ha_Wk/sddefault.jpg,VENEZUELA'S Pro-Government Slum (Dangerous Neighbourhood)
146,https://i.ytimg.com/vi/ee0CHgjOOzw/sddefault.jpg,Inside Venezuela's Millionaire Neighbourhood (Abandoned Mansions)
147,https://i.ytimg.com/vi/msHKfK-AMRM/sddefault.jpg,"WALKING STREETS OF CARACAS, VENEZUELA (Crisis Visible)"
148,https://i.ytimg.com/vi/WTt-HzqzVYk/sddefault.jpg,Banned in Venezuela for Filming in Public.
149,https://i.ytimg.com/vi/nHZIevN7gp0/sddefault.jpg,INSIDE EMPTY VENEZUELAN SUPERMARKET (Depressing)
150,https://i.ytimg.com/vi/IFAZqLffLaU/sddefault.jpg,ABANDONED VENEZUELAN HOTEL (People Live Inside Rooms)
151,https://i.ytimg.com/vi/eU95r0PB7dM/sddefault.jpg,PIRATES ON COAST OF VENEZUELA (Venezuelan Fishing Industry)
152,https://i.ytimg.com/vi/t5wg4c0ScAc/sddefault.jpg,"VENEZUELA IS FINISHED, TIME TO LEAVE."
153,https://i.ytimg.com/vi/fOj3l4KY0L0/sddefault.jpg,ESCAPING FROM VENEZUELA TO COLOMBIA.
154,https://i.ytimg.com/vi/61W6RFqNdfM/sddefault.jpg,"Spending $200,000.00 in Venezuela."
155,https://i.ytimg.com/vi/UTe4-TPIcTw/sddefault.jpg,"Using YouTube to Feed Thousands in Venezuela ($425,000+ Raised!)"
156,https://i.ytimg.com/vi/1NZEp90ps-Q/sddefault.jpg,Arriving at Venezuela & Brazil Border (overwhelming situation)
157,https://i.ytimg.com/vi/5xVWkcg1T0Y/sddefault.jpg,Inside Venezuelan Slum at Brazil Border (harsh conditions)
158,https://i.ytimg.com/vi/yaV4CYx9peo/sddefault.jpg,WEIRD HOTEL IN IRAQ - First Day in Iraq (not what I expected)
159,https://i.ytimg.com/vi/wQQzrwwIMBM/sddefault.jpg,WALKING STREETS OF IRAQ (This is Crazy) Smoking Shisha & Meeting Locals
160,https://i.ytimg.com/vi/5TzTyXn26FI/sddefault.jpg,Camping in Iraq (banned by military)
161,https://i.ytimg.com/vi/F3_fXBvJaGo/sddefault.jpg,IRAQ ROAD TRIP (Soldier Took Me to His Home)
162,https://i.ytimg.com/vi/OxsuxdcuaGc/sddefault.jpg,IRAQ: This Man Defeated ISIS
163,https://i.ytimg.com/vi/wwiMKQxPeI8/sddefault.jpg,IS IRAQ SAFE? How to Travel Iraq & Kurdistan
164,https://i.ytimg.com/vi/0U3-7Ey3siA/sddefault.jpg,THIS IS IRAN? ğŸ‡®ğŸ‡· First Impressions of the Mysterious Country
165,https://i.ytimg.com/vi/HgEqlOFs56Q/sddefault.jpg,WALKING STREETS OF IRAN  ğŸ‡®ğŸ‡· (Met Local Girl)
166,https://i.ytimg.com/vi/ra6719ZqYFM/sddefault.jpg,CRAZY 23 HOUR Train Trip in IRAN ğŸ‡®ğŸ‡·(1000 Mile Journey)
167,https://i.ytimg.com/vi/gfBXnhV1Zys/sddefault.jpg,INSANE DAY IN IRAN ğŸ‡®ğŸ‡· (Wasn't expecting this in Iran)
168,https://i.ytimg.com/vi/B3x-qICdW6g/sddefault.jpg,YOU WON'T BELIEVE ITS IRAN ğŸ‡®ğŸ‡· (The Media is Wrong)
169,https://i.ytimg.com/vi/6TleZuubucU/sddefault.jpg,CRAZY HITCHHIKING IRAN ğŸ‡®ğŸ‡· (11 Cars/500 KM in One Day)
170,https://i.ytimg.com/vi/id9QMCtvqRg/sddefault.jpg,MEETING LOCALS IN IRAN ğŸ‡®ğŸ‡·(Extremely Friendly People)
171,https://i.ytimg.com/vi/rvfUzl8zGTg/sddefault.jpg,AT THE IRAQ - IRAN BORDER ğŸ‡®ğŸ‡¶ (Don't Feel Safe)
172,https://i.ytimg.com/vi/Rmg0zrVGhDA/sddefault.jpg,Hitchhiking IRAQ - IRAN BORDER ğŸ‡®ğŸ‡¶(Driver tried to kiss me)
173,https://i.ytimg.com/vi/0jBQWjLPNuY/sddefault.jpg,IRAN UNCOVERED ğŸ‡®ğŸ‡· (Exploring a Remote Area of this Misunderstood Country)
174,https://i.ytimg.com/vi/HFhFfYR21lQ/sddefault.jpg,LONG BUS JOURNEY IRAN ğŸ‡®ğŸ‡· (Guide to Bus Travel in Iran)
175,https://i.ytimg.com/vi/lN2t2qwWr78/sddefault.jpg,IRAN FOOD NIGHT ğŸ‡®ğŸ‡· Delicious Local Homemade Persian Food
176,https://i.ytimg.com/vi/yaV4CYx9peo/sddefault.jpg,WEIRD HOTEL IN IRAQ - First Day in Iraq (not what I expected)
177,https://i.ytimg.com/vi/85EKQyrPpno/sddefault.jpg,IRAN IS NOT FOR TOURISM - How to Travel Iran ğŸ‡®ğŸ‡·
178,https://i.ytimg.com/vi/K3WOuS0TpsY/sddefault.jpg,IRAN to AFGHANISTAN - Which is more Dangerous? (from my experience)
179,https://i.ytimg.com/vi/dMa61RNFioE/sddefault.jpg,KENYA DISASTER DAY ğŸ‡°ğŸ‡ª (Landed in wrong country)
180,https://i.ytimg.com/vi/f94JcgE-l_I/sddefault.jpg,WALKING NAIROBI STREETS ğŸ‡°ğŸ‡ª(Kenya is different)
181,https://i.ytimg.com/vi/kJHxfID2SQA/sddefault.jpg,NAIROBI to MOMBASA ğŸ‡°ğŸ‡ª(Kenya travel day)
182,https://i.ytimg.com/vi/TMNoxrfqlSI/sddefault.jpg,REAL KENYA LOCAL LIFE ğŸ‡°ğŸ‡ª(Authentic experience)
183,https://i.ytimg.com/vi/wVjn7LSHhj8/sddefault.jpg,KENYAN PEOPLE ARE GREAT! ğŸ‡°ğŸ‡ª(Kenya Travel)
184,https://i.ytimg.com/vi/FjLvd_i6PqE/sddefault.jpg,IS KENYA SAFE? How Expensive is Kenya? ğŸ‡°ğŸ‡ª
185,https://i.ytimg.com/vi/fpqCvCvGFeU/sddefault.jpg,I LOVE KENYA ğŸ‡°ğŸ‡ªOne day in Nairobi!
186,https://i.ytimg.com/vi/zavVdRWPVIM/sddefault.jpg,I'M IN ETHIOPIA (Walking the Streets)
187,https://i.ytimg.com/vi/HgV3lnJHogs/sddefault.jpg,SHOCKED IN ETHIOPIA (Epic local experience)
188,https://i.ytimg.com/vi/OsQGHCZHS5A/sddefault.jpg,MEETING A GUARD IN ETHIOPIA (Amazing experience)
189,https://i.ytimg.com/vi/UiZX0VE4Drs/sddefault.jpg,HITCHHIKING in ETHIOPIA ğŸ‡ªğŸ‡¹(what a day)
190,https://i.ytimg.com/vi/G6OMpnhbGf0/sddefault.jpg,HOW TO TRAVEL ETHIOPIA ğŸ‡ªğŸ‡¹(Prices and Safety)
191,https://i.ytimg.com/vi/egpUZHgRPQM/sddefault.jpg,"MOST DANGEROUS Part of Johannesburg, South Africa"
192,https://i.ytimg.com/vi/-AyXURBwvs8/sddefault.jpg,THE REAL SOUTH AFRICA BEAUTY ğŸ‡¿ğŸ‡¦
193,https://i.ytimg.com/vi/-AakCQDgEhw/sddefault.jpg,SOUTH AFRICA - SWAZILAND Border Crossing
194,https://i.ytimg.com/vi/kvsN7jolBTM/sddefault.jpg,GOODBYE SOUTH AFRICA
195,https://i.ytimg.com/vi/HbuZlTBpC7I/sddefault.jpg,INSIDE NORTH KOREA (Surreal experience)
196,https://i.ytimg.com/vi/ZHB-KlPBwzA/sddefault.jpg,1 DAY IN NORTH KOREA (Overwhelming Experience)
197,https://i.ytimg.com/vi/ymbgPLgb5eY/sddefault.jpg,THIS IS NORTH KOREA? (not what I expected)
198,https://i.ytimg.com/vi/_EaZ4-f38G4/sddefault.jpg,My Holiday in North Korea (not what you think)
199,https://i.ytimg.com/vi/z5CdUK-NeAo/sddefault.jpg,Empty North Korea Hotel (Strange Experience)
200,https://i.ytimg.com/vi/OrrwQr9fAso/sddefault.jpg,Visiting North Korea's Ski Resort (no one is here)
201,https://i.ytimg.com/vi/jO0_KT2Pxsg/sddefault.jpg,Inside North Korean Side of DMZ (world's most dangerous border)
202,https://i.ytimg.com/vi/1SywUeETgvA/sddefault.jpg,My Hair Cut in North Korea (Super cheap)
203,https://i.ytimg.com/vi/RaD1_T5gjVk/sddefault.jpg,Train Journey Inside North Korea ğŸ‡°ğŸ‡µ (checked by military)
204,https://i.ytimg.com/vi/AoFT3DzR4Mg/sddefault.jpg,How Expensive is NORTH KOREA?
205,https://i.ytimg.com/vi/XN9qosQO-KI/sddefault.jpg,I'm Funding North Korea's Regime.
206,https://i.ytimg.com/vi/I-xQCEfJogg/sddefault.jpg,AZERBAIJAN IS DIFFERENT. ğŸ‡¦ğŸ‡¿
207,https://i.ytimg.com/vi/y888mm_U0bc/sddefault.jpg,AZERBAIJAN IS SOOO CHEAP! ğŸ‡¦ğŸ‡¿
208,https://i.ytimg.com/vi/TIdW0Xt_wUE/sddefault.jpg,AZERBAIJAN IS BEAUTIFUL! ğŸ‡¦ğŸ‡¿
209,https://i.ytimg.com/vi/X7fQmhML3Gs/sddefault.jpg,AZERBAIJAN: Switzerland of Asia ğŸ‡¦ğŸ‡¿
210,https://i.ytimg.com/vi/xwKSudvyzvo/sddefault.jpg,CASPIAN SEA FERRY - Tips & Advice/Highlights ğŸš¢
211,https://i.ytimg.com/vi/72XacTMz1UI/sddefault.jpg,I LOVE AZERBAIJAN PEOPLE! ğŸ‡¦ğŸ‡¿
212,https://i.ytimg.com/vi/MprOEKjf4RM/sddefault.jpg,AZERBAIJAN: Authentic Local Experience ğŸ‡¦ğŸ‡¿
213,https://i.ytimg.com/vi/RiEmap2Geto/sddefault.jpg,MEETING AZERBAIJAN LOCAL PEOPLE ğŸ‡¦ğŸ‡¿ (Love this country)
214,https://i.ytimg.com/vi/d3VIq4XrCPs/sddefault.jpg,BATHING IN PETROL NAKED in Azerbaijan ğŸ‡¦ğŸ‡¿
215,https://i.ytimg.com/vi/sA8pxXBXq88/sddefault.jpg,Welcome to KAZAKHSTAN! ğŸ‡°ğŸ‡¿
216,https://i.ytimg.com/vi/fG8hjz1To74/sddefault.jpg,KAZAKHSTAN IS SOOO CHEAP!
217,https://i.ytimg.com/vi/qa_5Wr1QtD4/sddefault.jpg,The Real KAZAKHSTAN ğŸ‡°ğŸ‡¿
218,https://i.ytimg.com/vi/_ylWLB2aNXk/sddefault.jpg,KAZAKHSTAN SURPRISED ME. ğŸ‡°ğŸ‡¿
219,https://i.ytimg.com/vi/NmjcRAkBEH8/sddefault.jpg,LEAVING KAZAKHSTAN ğŸ‡°ğŸ‡¿
220,https://i.ytimg.com/vi/e-opg3fTl3k/sddefault.jpg,LIVING ON A CARGO SHIP -  Caspian Sea Ferry
221,https://i.ytimg.com/vi/xwKSudvyzvo/sddefault.jpg,CASPIAN SEA FERRY - Tips & Advice/Highlights ğŸš¢
222,https://i.ytimg.com/vi/72XacTMz1UI/sddefault.jpg,I LOVE AZERBAIJAN PEOPLE! ğŸ‡¦ğŸ‡¿
223,https://i.ytimg.com/vi/9iSfS7ZKWco/sddefault.jpg,Hello EGYPT! ğŸ‡ªğŸ‡¬Ø§Ù‡Ù„Ø§Ù‹ ÙÙŠ Ù…ØµØ±
224,https://i.ytimg.com/vi/IwJFDx0DEfg/sddefault.jpg,SCAMMED IN EGYPT (watch to the end) ğŸ‡ªğŸ‡¬Ø§ØªÙ†ØµØ¨ Ø¹Ù„ÙŠØ§ ÙÙŠ Ù…ØµØ±
225,https://i.ytimg.com/vi/Pd3XNzrQCgE/sddefault.jpg,Meeting LOCALS in EGYPT! ğŸ‡ªğŸ‡¬ Ù„Ù‚Ø§Ø¡ Ù…Ø¹ Ø§Ù„Ù…ØµØ±ÙŠÙŠÙ†
226,https://i.ytimg.com/vi/N_ByYqcb_tU/sddefault.jpg,I DIDN'T KNOW this is EGYPT. ğŸ‡ªğŸ‡¬Ù…ÙƒÙ†ØªØ´ Ø§Ø¹Ø±Ù Ø§Ù† Ù…ØµØ± ÙƒØ¯Ù‡
227,https://i.ytimg.com/vi/7WgEr1HMpQA/sddefault.jpg,ACTION in EGYPT ğŸ‡ªğŸ‡¬Ù…Ù† Ù‚Ù„Ø¨ Ø§Ù„Ø­Ø¯Ø« ÙÙŠ Ù…ØµØ±
228,https://i.ytimg.com/vi/L4NiP0roB70/sddefault.jpg,Disappointed in EGYPT. ğŸ‡ªğŸ‡¬Ø®Ø§Ø¨ Ø¸Ù†Ù‰ ÙÙ‰ Ù…ØµØ±
229,https://i.ytimg.com/vi/QNAiF_8pJpU/sddefault.jpg,I'm in LOVE with EGYPT ğŸ‡ªğŸ‡¬Ø§Ù†Ø§ Ø§Ø­Ø¨ Ù…ØµØ±
230,https://i.ytimg.com/vi/cx87DLq4ZYA/sddefault.jpg,Mind BLOWN in EGYPT. ğŸ‡ªğŸ‡¬Ù…ØµØ¯ÙˆÙ… ÙÙ‰ Ù…ØµØ±
231,https://i.ytimg.com/vi/IOk1FPHmCtc/sddefault.jpg,Most EPIC day in EGYPT! ğŸ‡ªğŸ‡¬ÙŠÙˆÙ… Ù…Ø§Ù„ÙˆØ´ Ø­Ù„ ÙÙŠ Ù…ØµØ± Ø£Ù… Ø§Ù„Ø¯Ù†ÙŠØ§
232,https://i.ytimg.com/vi/aOJ13wA2xUI/sddefault.jpg,Living like a MILLIONAIRE in Egypt ğŸ‡ªğŸ‡¬Ø¹Ø´Øª ÙƒØ§Ù„Ù…Ù„ÙŠÙˆÙ†ÙŠØ± ÙÙ‰ Ù…ØµØ±
233,https://i.ytimg.com/vi/MnoiPlR_N68/sddefault.jpg,BEST CITY in Egypt ğŸ‡ªğŸ‡¬Ø£Ø­Ù„Ù‰ Ù…Ø¯ÙŠÙ†Ø© ÙÙŠ Ù…ØµØ±
234,https://i.ytimg.com/vi/dywj0AbHA2A/sddefault.jpg,EGYPT is EPIC ğŸ‡ªğŸ‡¬Ø³Ø§ÙØ± Ù„Ù…ØµØ± Ø­Ø§Ù„Ø§Ù‹
235,https://i.ytimg.com/vi/3wWSWqF_9Dk/sddefault.jpg,Egypt TRAIN TRAVEL! Ø§Ù„Ø³ÙØ± Ø¨Ø§Ù„Ù‚Ø·Ø§Ø± ÙÙ‰ Ù…ØµØ±
236,https://i.ytimg.com/vi/0LETLLl6mxo/sddefault.jpg,Sleeping in 5 STAR PALACE in Egypt! Ø¹Ø´Øª Ø²ÙŠ Ø§Ù„Ù…Ù„Ùƒ ÙÙŠ Ù…ØµØ± Ø£Ù… Ø§Ù„Ø¯Ù†ÙŠØ§
237,https://i.ytimg.com/vi/DtZ566h4S2E/sddefault.jpg,Trying EGYPT FOOD! Ø§Ø¬Ù†Ø¨Ù‰ ÙŠØ£ÙƒÙ„ Ø£ÙƒÙ„ Ù…ØµØ±Ù‰
238,https://i.ytimg.com/vi/e3bDXoyLWCY/sddefault.jpg,Egypt Girl Teaches me Arabic!â¤ï¸ÙØªØ§Ø© ØªØ¹Ù„Ù… Ø§Ø¬Ù†Ø¨Ù‰ Ø§Ù„Ø¹Ø±Ø¨ÙŠØ©
239,https://i.ytimg.com/vi/XpMooaz5VpU/sddefault.jpg,Goodbye EGYPT ğŸ‡ªğŸ‡¬ÙƒØ§Ù† Ø¹Ù„ÙŠ Ø£Ù† Ø£Ø³Ø§ÙØ± Ù…Ù† Ù…ØµØ±
240,https://i.ytimg.com/vi/T2Pf_AYhq3U/sddefault.jpg,The BAD PART of Egypt ğŸ‡ªğŸ‡¬Ù…Ø³Ø§ÙˆÙŠØ¡ Ù…ØµØ±
241,https://i.ytimg.com/vi/kQQgOoX9ATU/sddefault.jpg,Is Egypt Safe? (2018) Ù‡Ù„ Ù…ØµØ± Ø¢Ù…Ù†Ø©ØŸ
242,https://i.ytimg.com/vi/mhlk2A9bmw0/sddefault.jpg,HELLO LEBANON! ğŸ‡±ğŸ‡§ Ù„Ø¨Ù†Ø§Ù†
243,https://i.ytimg.com/vi/WzbKbiCj9tc/sddefault.jpg,LOST IN LEBANON. ğŸ‡±ğŸ‡§ Ù„Ø¨Ù†Ø§Ù†
244,https://i.ytimg.com/vi/yl1WXT3OPVg/sddefault.jpg,MY NEW HOUSE IN LEBANON! ğŸ‡±ğŸ‡§ Ù„Ø¨Ù†Ø§Ù†
245,https://i.ytimg.com/vi/LVCw14efY0Y/sddefault.jpg,LEBANON SURPRISED ME. ğŸ‡±ğŸ‡§ Ù„Ø¨Ù†Ø§Ù†
246,https://i.ytimg.com/vi/JTOS-1KSVAs/sddefault.jpg,MY BIGGEST LIFE REGRETS.
247,https://i.ytimg.com/vi/RTInnar8Tt0/sddefault.jpg,CAN'T BELIEVE IT'S LEBANON. ğŸ‡±ğŸ‡§ Ù„Ø¨Ù†Ø§Ù†
248,https://i.ytimg.com/vi/NpMJ_mGwm4I/sddefault.jpg,HOW EXPENSIVE IS LEBANON? ğŸ‡±ğŸ‡§ Ù„Ø¨Ù†Ø§Ù†
249,https://i.ytimg.com/vi/NQANlWYHPyY/sddefault.jpg,What I think of LEBANESE PEOPLE ğŸ‡±ğŸ‡§ Ù„Ø¨Ù†Ø§Ù†
250,https://i.ytimg.com/vi/avg3w9WBAF8/sddefault.jpg,Lebanon is a WAR ZONE? ğŸ‡±ğŸ‡§ Ù„Ø¨Ù†Ø§Ù†
251,https://i.ytimg.com/vi/OrFD6ybS-yE/sddefault.jpg,Delicious LEBANESE FOOD! ğŸ‡±ğŸ‡§ Ø§Ù„Ø·Ø¹Ø§Ù… Ø§Ù„Ù„Ø¨Ù†Ø§Ù†ÙŠ
252,https://i.ytimg.com/vi/vEkuZ8RI4M4/sddefault.jpg,STRANGE DAY in Lebanon ğŸ‡±ğŸ‡§ Ù„Ø¨Ù†Ø§Ù†
253,https://i.ytimg.com/vi/9iSfS7ZKWco/sddefault.jpg,Hello EGYPT! ğŸ‡ªğŸ‡¬Ø§Ù‡Ù„Ø§Ù‹ ÙÙŠ Ù…ØµØ±
254,https://i.ytimg.com/vi/aShI_CwVnMw/sddefault.jpg,"INSIDE CHERNOBYL, IT IS CRAZY (Inside the Red-Zone)"
255,https://i.ytimg.com/vi/LBz0-9jOuYo/sddefault.jpg,ABANDONED THEME PARK IN CHERNOBYL (Ghost Town)
256,https://i.ytimg.com/vi/pfLu7GBfp-o/sddefault.jpg,SCHOOL LUNCHROOM IN CHERNOBYL (Gas Masks Everywhere)
257,https://i.ytimg.com/vi/f1m3tcNb8rE/sddefault.jpg,Abandoned Soviet Union Spy Base in Chernobyl (Anti-USA Propaganda)
258,https://i.ytimg.com/vi/UW9qH6iaAmI/sddefault.jpg,ABANDONED SOVIET UNION UNDER-CITY (Tunnel Network Underground)
259,https://i.ytimg.com/vi/QJiVgB16mEw/sddefault.jpg,Interview with an Everest Guide - EVEREST BASE CAMP DAY 6
260,https://i.ytimg.com/vi/9guxOSYGFFg/sddefault.jpg,BANGLADESH: Rohingya Refugee Interview ğŸ‡§ğŸ‡©
261,https://i.ytimg.com/vi/KkDx0M2PVL4/sddefault.jpg,HOW I MAKE MONEY.
262,https://i.ytimg.com/vi/e3bDXoyLWCY/sddefault.jpg,Egypt Girl Teaches me Arabic!â¤ï¸ÙØªØ§Ø© ØªØ¹Ù„Ù… Ø§Ø¬Ù†Ø¨Ù‰ Ø§Ù„Ø¹Ø±Ø¨ÙŠØ©
263,https://i.ytimg.com/vi/OxsuxdcuaGc/sddefault.jpg,IRAQ: This Man Defeated ISIS
264,https://i.ytimg.com/vi/uuraxMMqrv4/sddefault.jpg,HELLO BANGLADESH. DHAKA IS CRAZY.
265,https://i.ytimg.com/vi/5Rtsav021Rs/sddefault.jpg,"DHAKA, BANGLADESH | The Most Densely Populated City in the World"
266,https://i.ytimg.com/vi/8ii5lfTXh_g/sddefault.jpg,BANGLADESH IS INCREDIBLE | Exploring Dhaka
267,https://i.ytimg.com/vi/-w_0INDCUU8/sddefault.jpg,BANGLADESH TRAIN TRAVEL IS CRAZY
268,https://i.ytimg.com/vi/aVLSCD9AM6o/sddefault.jpg,"CHITTAGONG, BANGLADESH - Ship Graveyard of the World."
269,https://i.ytimg.com/vi/-vr1GsPzdx8/sddefault.jpg,TOURIST EATS BANGLADESH FOOD
270,https://i.ytimg.com/vi/1FkHbkCA9ck/sddefault.jpg,SAD TOURIST IN BANGLADESH ğŸ˜¢
271,https://i.ytimg.com/vi/MdeQXzefnVQ/sddefault.jpg,VISITING A REFUGEE CAMP IN BANGLADESH
272,https://i.ytimg.com/vi/9guxOSYGFFg/sddefault.jpg,BANGLADESH: Rohingya Refugee Interview ğŸ‡§ğŸ‡©
273,https://i.ytimg.com/vi/RCvo2JHqFQk/sddefault.jpg,DRIVERS IN BANGLADESH ARE CRAZY ğŸ‡§ğŸ‡©
274,https://i.ytimg.com/vi/BoZvtKO46-s/sddefault.jpg,HOW EXPENSIVE IS BANGLADESH? ğŸ’°ğŸ‡§ğŸ‡©
275,https://i.ytimg.com/vi/6Cw2AgshS8U/sddefault.jpg,I had to LEAVE BANGLADESH.
276,https://i.ytimg.com/vi/P6UI7ugEM-Y/sddefault.jpg,IS BANGLADESH SAFE? ğŸ‡§ğŸ‡©
277,https://i.ytimg.com/vi/KkDx0M2PVL4/sddefault.jpg,HOW I MAKE MONEY.
278,https://i.ytimg.com/vi/iivhnMttLKo/sddefault.jpg,Bangladesh PROBLEM.
279,https://i.ytimg.com/vi/OdE7rskMly4/sddefault.jpg,EVEREST BASE CAMP DAY 1 - Most Dangerous Airport in the World
280,https://i.ytimg.com/vi/-aYv6WHc_ug/sddefault.jpg,EVEREST BASE CAMP DAY 2 - Huge Swing Bridge
281,https://i.ytimg.com/vi/BrnEN8v922o/sddefault.jpg,EVEREST BASE CAMP DAY 3 - Acclimatize or Die!
282,https://i.ytimg.com/vi/ZUzGmDo4SwU/sddefault.jpg,EVEREST BASE CAMP TREK DAY 4 - Above the Clouds
283,https://i.ytimg.com/vi/Np97qXf4Zz0/sddefault.jpg,EVEREST BASE CAMP DAY 5 - Amongst the Gods
284,https://i.ytimg.com/vi/QJiVgB16mEw/sddefault.jpg,Interview with an Everest Guide - EVEREST BASE CAMP DAY 6
285,https://i.ytimg.com/vi/7je8DqNfTmY/sddefault.jpg,EVEREST BASE CAMP DAY 7 - Tragedy in the Mountains
286,https://i.ytimg.com/vi/P1MVnpggfjI/sddefault.jpg,ARRIVING AT BASE CAMP! Everest Base Camp Trek Day 8
287,https://i.ytimg.com/vi/a5DIAnZ1ZGs/sddefault.jpg,"CLIMBING 5,644M (18,500FT) - Everest Base Camp Trek Day 9"
288,https://i.ytimg.com/vi/mQ5c8HT-8ts/sddefault.jpg,SCARIEST FLIGHT OF MY LIFE | Everest Base Camp - Final Day
289,https://i.ytimg.com/vi/5MTBWoA5BcM/sddefault.jpg,ESSENTIAL PACKING LIST - Everest Base Camp | Gear + Advice
290,https://i.ytimg.com/vi/0G-Ze7TRA_A/sddefault.jpg,"AIR INDIA, FULL REVIEW | DUBAI - DELHI | BOEING 787-8 (Dreamliner)"
291,https://i.ytimg.com/vi/WlcPdwGAp24/sddefault.jpg,"A TRAVELLER WALKS AROUND KATHMANDU, NEPAL ğŸ‡³ğŸ‡µ"
292,https://i.ytimg.com/vi/hQ89yi0_zxs/sddefault.jpg,THE REAL NEPAL: KATHMANDU (what you don't see)
293,https://i.ytimg.com/vi/FyK62B5JBNo/sddefault.jpg,"HOW EXPENSIVE is NEPAL? Budget Travel, Kathmandu"
294,https://i.ytimg.com/vi/iSE3IYJK054/sddefault.jpg,I'M GOING TO MT EVEREST! (goodbye)
295,https://i.ytimg.com/vi/OdE7rskMly4/sddefault.jpg,EVEREST BASE CAMP DAY 1 - Most Dangerous Airport in the World
296,https://i.ytimg.com/vi/-aYv6WHc_ug/sddefault.jpg,EVEREST BASE CAMP DAY 2 - Huge Swing Bridge
297,https://i.ytimg.com/vi/BrnEN8v922o/sddefault.jpg,EVEREST BASE CAMP DAY 3 - Acclimatize or Die!
298,https://i.ytimg.com/vi/ZUzGmDo4SwU/sddefault.jpg,EVEREST BASE CAMP TREK DAY 4 - Above the Clouds
299,https://i.ytimg.com/vi/Np97qXf4Zz0/sddefault.jpg,EVEREST BASE CAMP DAY 5 - Amongst the Gods
300,https://i.ytimg.com/vi/QJiVgB16mEw/sddefault.jpg,Interview with an Everest Guide - EVEREST BASE CAMP DAY 6
301,https://i.ytimg.com/vi/7je8DqNfTmY/sddefault.jpg,EVEREST BASE CAMP DAY 7 - Tragedy in the Mountains
302,https://i.ytimg.com/vi/P1MVnpggfjI/sddefault.jpg,ARRIVING AT BASE CAMP! Everest Base Camp Trek Day 8
303,https://i.ytimg.com/vi/a5DIAnZ1ZGs/sddefault.jpg,"CLIMBING 5,644M (18,500FT) - Everest Base Camp Trek Day 9"
304,https://i.ytimg.com/vi/mQ5c8HT-8ts/sddefault.jpg,SCARIEST FLIGHT OF MY LIFE | Everest Base Camp - Final Day
305,https://i.ytimg.com/vi/aSgU0TI2fkM/sddefault.jpg,KATHMANDU - POKHARA | Top 5 Most Dangerous Road in the World - Nepal
306,https://i.ytimg.com/vi/fxoNaDdZZsU/sddefault.jpg,"IS POKHARA, NEPAL WORTH VISITING? Tour of the Beautiful Phewa Lake"
307,https://i.ytimg.com/vi/u6Ogu_m7Iq4/sddefault.jpg,I WAS IN A HUGE EARTHQUAKE IN NEPAL.
308,https://i.ytimg.com/vi/5MTBWoA5BcM/sddefault.jpg,ESSENTIAL PACKING LIST - Everest Base Camp | Gear + Advice
309,https://i.ytimg.com/vi/W8ScuMiCEJA/sddefault.jpg,GEORGIA ARMENIA BORDER CROSSING.
310,https://i.ytimg.com/vi/JS9TLmg0GAY/sddefault.jpg,I LOVE ARMENIA. YOU HAVE TO COME HERE!
311,https://i.ytimg.com/vi/2YQOHeDyKnc/sddefault.jpg,HOW DID THIS HAPPEN TO ME IN ARMENIA?
312,https://i.ytimg.com/vi/ohs00FBAdQc/sddefault.jpg,DRUNK MEETING WITH THE MILITARY IN ARMENIA.
313,https://i.ytimg.com/vi/ISn9ZphErEI/sddefault.jpg,WHAT I THINK OF THE PEOPLE IN ARMENIA.
314,https://i.ytimg.com/vi/fUwyPR7ymlg/sddefault.jpg,GETTING WET & WILD IN ARMENIA.
315,https://i.ytimg.com/vi/XvujB6YqJ1k/sddefault.jpg,DISCOVERING THE BEAUTY OF ARMENIA ğŸ‡¦ğŸ‡²
316,https://i.ytimg.com/vi/1nWrx45ALX4/sddefault.jpg,"GEORGIA, GEORGIA, I'M IN GEORGIA! ğŸ‡¬ğŸ‡ª"
317,https://i.ytimg.com/vi/X1l3FvcrqOU/sddefault.jpg,HITCHHIKING IN GEORGIA IS WILD ğŸ‡¬ğŸ‡ª
318,https://i.ytimg.com/vi/xOCTGXGskGU/sddefault.jpg,"YOU MUST VISIT GEORGIA, HERE'S WHY ğŸ‡¬ğŸ‡ª"
319,https://i.ytimg.com/vi/d-0SURF56Jc/sddefault.jpg,GEORGIA IS EPIC | Extreme Travel ğŸ‡¬ğŸ‡ª
320,https://i.ytimg.com/vi/ffFIe0voA2A/sddefault.jpg,HIGHEST SETTLEMENT IN EUROPE
321,https://i.ytimg.com/vi/UATRWNi_iME/sddefault.jpg,HITCHHIKING TO LAS VEGAS! (In Georgia)
322,https://i.ytimg.com/vi/5_sOe0Sd5a0/sddefault.jpg,LAS VEGAS of EASTERN EUROPE - Georgia
323,https://i.ytimg.com/vi/K4Ei01xdrUM/sddefault.jpg,I FELL IN LOVE IN GEORGIA ğŸ’”
324,https://i.ytimg.com/vi/Fy8sYUW43mc/sddefault.jpg,DRIVERS IN GEORGIA ARE CRAZY.
325,https://i.ytimg.com/vi/DZ7sphUp-zY/sddefault.jpg,COMPLETELY LOST IN GEORGIA.
326,https://i.ytimg.com/vi/W70opUXjczE/sddefault.jpg,YOU CAN'T ALWAYS WIN IN GEORGIA ğŸ‘
327,https://i.ytimg.com/vi/ikpN7dxxRu8/sddefault.jpg,WHAT I THINK OF PEOPLE IN GEORGIA.
328,https://i.ytimg.com/vi/YFypxN6iwgc/sddefault.jpg,DISCOVERING THE BEAUTY OF GEORGIA
329,https://i.ytimg.com/vi/W8ScuMiCEJA/sddefault.jpg,GEORGIA ARMENIA BORDER CROSSING.
330,https://i.ytimg.com/vi/2YQOHeDyKnc/sddefault.jpg,HOW DID THIS HAPPEN TO ME IN ARMENIA?
331,https://i.ytimg.com/vi/1nWrx45ALX4/sddefault.jpg,"GEORGIA, GEORGIA, I'M IN GEORGIA! ğŸ‡¬ğŸ‡ª"
332,https://i.ytimg.com/vi/if9vxImsSLI/sddefault.jpg,"TBILISI, GEORGIA, THE AMAZING CAPITAL CITY"
333,https://i.ytimg.com/vi/sUCjYCb_5zw/sddefault.jpg,I HAD TO LEAVE GEORGIA ğŸ˜­
334,https://i.ytimg.com/vi/iWcr90_EB08/sddefault.jpg,"I'M IN MACEDONIA! ğŸ‡²ğŸ‡° WAIT, WHERE IS MACEDONIA?"
335,https://i.ytimg.com/vi/dZTcssGpqis/sddefault.jpg,EXPLORING SKOPJE // MACEDONIA IS EPIC ğŸ‡²ğŸ‡°
336,https://i.ytimg.com/vi/mPRA4vBnxx0/sddefault.jpg,I HAD NO IDEA MACEDONIA WAS THIS BEAUTIFUL
337,https://i.ytimg.com/vi/Q3WRgWMpiuA/sddefault.jpg,HOW EXPENSIVE IS MACEDONIA? ğŸ‡²ğŸ‡°
338,https://i.ytimg.com/vi/fZsSgKZFBaM/sddefault.jpg,BAD STREET DOG ENCOUNTER - MACEDONIA
339,https://i.ytimg.com/vi/tanKSnJhr9Q/sddefault.jpg,I LOVE MACEDONIA (YOU MUST COME HERE)ğŸ”ï¸ğŸ‡²ğŸ‡°
340,https://i.ytimg.com/vi/eDrPy28wnTs/sddefault.jpg,ALBANIA BORDER CROSSING ğŸ‡¦ğŸ‡±
341,https://i.ytimg.com/vi/bYdkTXVxhBU/sddefault.jpg,"GETTING HIGH IN ALBANIA ğŸ‡¦ğŸ‡± (Guns, Knives & Cigarettes)"
342,https://i.ytimg.com/vi/oKm1Xwia1gM/sddefault.jpg,THE PARKOUR EPIDEMIC THAT'S SWEEPING ALBANIA ğŸ‡¦ğŸ‡±
343,https://i.ytimg.com/vi/u1kxMbVvRE0/sddefault.jpg,KOSOVO BORDER CROSSING ğŸ‡½ğŸ‡°
344,https://i.ytimg.com/vi/adqLZKMfyjo/sddefault.jpg,"MISSED MY FLIGHT, THANKS TURKISH AIRLINES ğŸ‡¹ğŸ‡·"
345,https://i.ytimg.com/vi/iWcr90_EB08/sddefault.jpg,"I'M IN MACEDONIA! ğŸ‡²ğŸ‡° WAIT, WHERE IS MACEDONIA?"
346,https://i.ytimg.com/vi/dZTcssGpqis/sddefault.jpg,EXPLORING SKOPJE // MACEDONIA IS EPIC ğŸ‡²ğŸ‡°
347,https://i.ytimg.com/vi/mPRA4vBnxx0/sddefault.jpg,I HAD NO IDEA MACEDONIA WAS THIS BEAUTIFUL
348,https://i.ytimg.com/vi/Q3WRgWMpiuA/sddefault.jpg,HOW EXPENSIVE IS MACEDONIA? ğŸ‡²ğŸ‡°
349,https://i.ytimg.com/vi/fZsSgKZFBaM/sddefault.jpg,BAD STREET DOG ENCOUNTER - MACEDONIA
350,https://i.ytimg.com/vi/tanKSnJhr9Q/sddefault.jpg,I LOVE MACEDONIA (YOU MUST COME HERE)ğŸ”ï¸ğŸ‡²ğŸ‡°
351,https://i.ytimg.com/vi/eDrPy28wnTs/sddefault.jpg,ALBANIA BORDER CROSSING ğŸ‡¦ğŸ‡±
352,https://i.ytimg.com/vi/3ZFgUizqUwk/sddefault.jpg,"A three month Journey through India & Nepal, featuring an Earthquake"
353,https://i.ytimg.com/vi/BF6zZ_GowVY/sddefault.jpg,ğŸHOW TO FIND WEED IN VIETNAMğŸ Travel
354,https://i.ytimg.com/vi/ID4FGR4inws/sddefault.jpg,EPIC GREECE TRIP | Travel Meteora | HUGE TOWERING MOUNTAINS
355,https://i.ytimg.com/vi/s4Pa_yQQsC4/sddefault.jpg,SAHARA DESERT GANGSTERS // TRAVEL EGYPT 2017 Ù…ØµØ±
356,https://i.ytimg.com/vi/zdKFnGr-h4Y/sddefault.jpg,"CLIMBING the HIGHEST Mountain in NORTH AFRICA // MT. TOUBKAL, Morocco 4167m Ø§Ù„Ù…ØºØ±Ø¨"
357,https://i.ytimg.com/vi/3GIW6CZf9KE/sddefault.jpg,I HAD NO IDEA SLOVAKIA WAS THIS BEAUTIFUL
358,https://i.ytimg.com/vi/8P81tqThNhA/sddefault.jpg,EXPLORING SLOVAKIA AND IT'S ENDLESS BEAUTY
359,https://i.ytimg.com/vi/fZsSgKZFBaM/sddefault.jpg,BAD STREET DOG ENCOUNTER - MACEDONIA
360,https://i.ytimg.com/vi/xOCTGXGskGU/sddefault.jpg,"YOU MUST VISIT GEORGIA, HERE'S WHY ğŸ‡¬ğŸ‡ª"
361,https://i.ytimg.com/vi/d-0SURF56Jc/sddefault.jpg,GEORGIA IS EPIC | Extreme Travel ğŸ‡¬ğŸ‡ª
362,https://i.ytimg.com/vi/ffFIe0voA2A/sddefault.jpg,HIGHEST SETTLEMENT IN EUROPE
363,https://i.ytimg.com/vi/XvujB6YqJ1k/sddefault.jpg,DISCOVERING THE BEAUTY OF ARMENIA ğŸ‡¦ğŸ‡²
364,https://i.ytimg.com/vi/iSE3IYJK054/sddefault.jpg,I'M GOING TO MT EVEREST! (goodbye)
365,https://i.ytimg.com/vi/OdE7rskMly4/sddefault.jpg,EVEREST BASE CAMP DAY 1 - Most Dangerous Airport in the World
366,https://i.ytimg.com/vi/-aYv6WHc_ug/sddefault.jpg,EVEREST BASE CAMP DAY 2 - Huge Swing Bridge
367,https://i.ytimg.com/vi/BrnEN8v922o/sddefault.jpg,EVEREST BASE CAMP DAY 3 - Acclimatize or Die!
368,https://i.ytimg.com/vi/ZUzGmDo4SwU/sddefault.jpg,EVEREST BASE CAMP TREK DAY 4 - Above the Clouds
369,https://i.ytimg.com/vi/Np97qXf4Zz0/sddefault.jpg,EVEREST BASE CAMP DAY 5 - Amongst the Gods
370,https://i.ytimg.com/vi/QJiVgB16mEw/sddefault.jpg,Interview with an Everest Guide - EVEREST BASE CAMP DAY 6
371,https://i.ytimg.com/vi/7je8DqNfTmY/sddefault.jpg,EVEREST BASE CAMP DAY 7 - Tragedy in the Mountains
372,https://i.ytimg.com/vi/P1MVnpggfjI/sddefault.jpg,ARRIVING AT BASE CAMP! Everest Base Camp Trek Day 8
373,https://i.ytimg.com/vi/a5DIAnZ1ZGs/sddefault.jpg,"CLIMBING 5,644M (18,500FT) - Everest Base Camp Trek Day 9"
374,https://i.ytimg.com/vi/mQ5c8HT-8ts/sddefault.jpg,SCARIEST FLIGHT OF MY LIFE | Everest Base Camp - Final Day
375,https://i.ytimg.com/vi/5MTBWoA5BcM/sddefault.jpg,ESSENTIAL PACKING LIST - Everest Base Camp | Gear + Advice
376,https://i.ytimg.com/vi/8P81tqThNhA/sddefault.jpg,EXPLORING SLOVAKIA AND IT'S ENDLESS BEAUTY
377,https://i.ytimg.com/vi/GKFyTFM9Xdk/sddefault.jpg,DRIVERS IN POLAND ARE DANGEROUS ğŸ‡µğŸ‡±
378,https://i.ytimg.com/vi/ZEouO5D5lqQ/sddefault.jpg,UNREAL BEACH IN POLAND ğŸ‡µğŸ‡±
379,https://i.ytimg.com/vi/CUICxL91DgU/sddefault.jpg,WE FOUND A NUDE BEACH IN LITHUANIA ğŸ‡±ğŸ‡¹
380,https://i.ytimg.com/vi/9by2bmtn0IM/sddefault.jpg,"LATVIA, LITHUANIA, POLAND & UKRAINE IN 1 DAY"
381,https://i.ytimg.com/vi/Rj1Hd6V0FQU/sddefault.jpg,Walking Streets of Lviv in Ukraine ğŸ‡ºğŸ‡¦
382,https://i.ytimg.com/vi/wF1Mp3X_g1k/sddefault.jpg,UKRAINE IS SOOOO CHEAP! ğŸ‡ºğŸ‡¦
383,https://i.ytimg.com/vi/AYTsstEY4cI/sddefault.jpg,UKRAINE / HUNGARY BORDER CROSSING
384,https://i.ytimg.com/vi/kdlivrF_BsM/sddefault.jpg,"82 FT/25 Meter BRIDGE JUMP // Mostar, Bosnia & Herzegovina"
385,https://i.ytimg.com/vi/ID4FGR4inws/sddefault.jpg,EPIC GREECE TRIP | Travel Meteora | HUGE TOWERING MOUNTAINS
386,https://i.ytimg.com/vi/yHMvY--G1OQ/sddefault.jpg,How To Get 1000 YouTube Subscribers (The Hard Way)
387,https://i.ytimg.com/vi/R4M7WInPp-8/sddefault.jpg,First FEELINGS of TRAVEL in EGYPT Ù…ØµØ±
388,https://i.ytimg.com/vi/aH7ONWkt-EQ/sddefault.jpg,RED BULL AIR RACE - Budapest 2017 - EXTREME Aviation in Hungary
389,https://i.ytimg.com/vi/3GIW6CZf9KE/sddefault.jpg,I HAD NO IDEA SLOVAKIA WAS THIS BEAUTIFUL
390,https://i.ytimg.com/vi/8P81tqThNhA/sddefault.jpg,EXPLORING SLOVAKIA AND IT'S ENDLESS BEAUTY
391,https://i.ytimg.com/vi/GKFyTFM9Xdk/sddefault.jpg,DRIVERS IN POLAND ARE DANGEROUS ğŸ‡µğŸ‡±
392,https://i.ytimg.com/vi/ZEouO5D5lqQ/sddefault.jpg,UNREAL BEACH IN POLAND ğŸ‡µğŸ‡±
393,https://i.ytimg.com/vi/ZEouO5D5lqQ/sddefault.jpg,UNREAL BEACH IN POLAND ğŸ‡µğŸ‡±
394,https://i.ytimg.com/vi/CUICxL91DgU/sddefault.jpg,WE FOUND A NUDE BEACH IN LITHUANIA ğŸ‡±ğŸ‡¹
395,https://i.ytimg.com/vi/9by2bmtn0IM/sddefault.jpg,"LATVIA, LITHUANIA, POLAND & UKRAINE IN 1 DAY"
396,https://i.ytimg.com/vi/iWcr90_EB08/sddefault.jpg,"I'M IN MACEDONIA! ğŸ‡²ğŸ‡° WAIT, WHERE IS MACEDONIA?"
397,https://i.ytimg.com/vi/dZTcssGpqis/sddefault.jpg,EXPLORING SKOPJE // MACEDONIA IS EPIC ğŸ‡²ğŸ‡°
398,https://i.ytimg.com/vi/mPRA4vBnxx0/sddefault.jpg,I HAD NO IDEA MACEDONIA WAS THIS BEAUTIFUL
399,https://i.ytimg.com/vi/Q3WRgWMpiuA/sddefault.jpg,HOW EXPENSIVE IS MACEDONIA? ğŸ‡²ğŸ‡°
400,https://i.ytimg.com/vi/Q3WRgWMpiuA/sddefault.jpg,HOW EXPENSIVE IS MACEDONIA? ğŸ‡²ğŸ‡°
401,https://i.ytimg.com/vi/fZsSgKZFBaM/sddefault.jpg,BAD STREET DOG ENCOUNTER - MACEDONIA
402,https://i.ytimg.com/vi/tanKSnJhr9Q/sddefault.jpg,I LOVE MACEDONIA (YOU MUST COME HERE)ğŸ”ï¸ğŸ‡²ğŸ‡°
403,https://i.ytimg.com/vi/eDrPy28wnTs/sddefault.jpg,ALBANIA BORDER CROSSING ğŸ‡¦ğŸ‡±
404,https://i.ytimg.com/vi/bYdkTXVxhBU/sddefault.jpg,"GETTING HIGH IN ALBANIA ğŸ‡¦ğŸ‡± (Guns, Knives & Cigarettes)"
405,https://i.ytimg.com/vi/oKm1Xwia1gM/sddefault.jpg,THE PARKOUR EPIDEMIC THAT'S SWEEPING ALBANIA ğŸ‡¦ğŸ‡±
406,https://i.ytimg.com/vi/u1kxMbVvRE0/sddefault.jpg,KOSOVO BORDER CROSSING ğŸ‡½ğŸ‡°
407,https://i.ytimg.com/vi/adqLZKMfyjo/sddefault.jpg,"MISSED MY FLIGHT, THANKS TURKISH AIRLINES ğŸ‡¹ğŸ‡·"
408,https://i.ytimg.com/vi/C32fvlMEF0I/sddefault.jpg,BUDAPEST IS BEAUTIFUL | Travel Hungary ğŸ‡­ğŸ‡º
409,https://i.ytimg.com/vi/KkDx0M2PVL4/sddefault.jpg,HOW I MAKE MONEY.
410,https://i.ytimg.com/vi/5bcB7nREZaI/sddefault.jpg,FLYING UKRAINE INTERNATIONAL AIRLINES ğŸ‡ºğŸ‡¦
411,https://i.ytimg.com/vi/UW9qH6iaAmI/sddefault.jpg,ABANDONED SOVIET UNION UNDER-CITY (Tunnel Network Underground)
412,https://i.ytimg.com/vi/FdioLGNZnuk/sddefault.jpg,TOURIST EATS UKRAINE FOOD ğŸ‡ºğŸ‡¦
413,https://i.ytimg.com/vi/g94YHPB1vb4/sddefault.jpg,WELCOME TO UKRAINE ğŸ‡ºğŸ‡¦
414,https://i.ytimg.com/vi/BAqH6v_TaAs/sddefault.jpg,"POLICE, SNOW, CHAOS IN UKRAINE"
415,https://i.ytimg.com/vi/IOSTjpSatL4/sddefault.jpg,"50,000 SUBSCRIBERS! ğŸ…ğŸ¼"
416,https://i.ytimg.com/vi/aShI_CwVnMw/sddefault.jpg,"INSIDE CHERNOBYL, IT IS CRAZY (Inside the Red-Zone)"
417,https://i.ytimg.com/vi/LBz0-9jOuYo/sddefault.jpg,ABANDONED THEME PARK IN CHERNOBYL (Ghost Town)
418,https://i.ytimg.com/vi/pfLu7GBfp-o/sddefault.jpg,SCHOOL LUNCHROOM IN CHERNOBYL (Gas Masks Everywhere)
419,https://i.ytimg.com/vi/f1m3tcNb8rE/sddefault.jpg,Abandoned Soviet Union Spy Base in Chernobyl (Anti-USA Propaganda)
420,https://i.ytimg.com/vi/v6TxmpyocMM/sddefault.jpg,WORLD'S DEEPEST METRO STATION (Bomb Shelter)
421,https://i.ytimg.com/vi/St_-5BhFYtQ/sddefault.jpg,I HAD TO LEAVE UKRAINE.
422,https://i.ytimg.com/vi/fXiJCJfbhvw/sddefault.jpg,MALTA IS SICK!
423,https://i.ytimg.com/vi/kgYKtcDg528/sddefault.jpg,HUMAN TRAFFICKING at the CAMBODIA BORDER
424,https://i.ytimg.com/vi/TGdJqk8q6oY/sddefault.jpg,"KILLING FIELDS, PHNOM PENH, CAMBODIA"
425,https://i.ytimg.com/vi/8GVajwsfYmY/sddefault.jpg,MEETING A CRIMINAL IN CAMBODIA
426,https://i.ytimg.com/vi/OE5_210EwaI/sddefault.jpg,GETTING an INDIAN VISA in Cambodia...
427,https://i.ytimg.com/vi/9S8PAXsoN68/sddefault.jpg,ANGKOR WAT Sunrise Worth It? Cambodia Travel
428,https://i.ytimg.com/vi/Hc75yKa5pMM/sddefault.jpg,I HAD TO LEAVE CAMBODIA
429,https://i.ytimg.com/vi/t5_qFOyV_lY/sddefault.jpg,quit your job and travel the world.
430,https://i.ytimg.com/vi/yHMvY--G1OQ/sddefault.jpg,How To Get 1000 YouTube Subscribers (The Hard Way)
431,https://i.ytimg.com/vi/dpFvZqqs9C0/sddefault.jpg,MOROCCO by train TRAVEL is BEAUTIFUL Ø§Ù„Ù…ØºØ±Ø¨
432,https://i.ytimg.com/vi/vDC6D_sOqRY/sddefault.jpg,$300 DOLLARS CASH STOLEN in MOROCCO Ø§Ù„Ù…ØºØ±Ø¨
433,https://i.ytimg.com/vi/n1q6bPmQcdQ/sddefault.jpg,Amazing Day TRAVEL MOROCCO // Mountains & Waterfalls Ø§Ù„Ù…ØºØ±Ø¨
434,https://i.ytimg.com/vi/J3YQAYVe8B8/sddefault.jpg,TRAVEL in MOROCCO for EXTREMELY CHEAP Ø§Ù„Ù…ØºØ±Ø¨
435,https://i.ytimg.com/vi/zdKFnGr-h4Y/sddefault.jpg,"CLIMBING the HIGHEST Mountain in NORTH AFRICA // MT. TOUBKAL, Morocco 4167m Ø§Ù„Ù…ØºØ±Ø¨"
436,https://i.ytimg.com/vi/D8mezw0Ok5s/sddefault.jpg,BEST town for TRAVEL in MOROCCO Ø§Ù„Ù…ØºØ±Ø¨
437,https://i.ytimg.com/vi/R03Af3o6cs8/sddefault.jpg,my FAVOURITE CITY in MOROCCO for TRAVEL Ø§Ù„Ù…ØºØ±Ø¨
438,https://i.ytimg.com/vi/NsJY8GlOe6s/sddefault.jpg,The BEST of MOROCCO by TRAIN TRAVEL Ø§Ù„Ù…ØºØ±Ø¨
439,https://i.ytimg.com/vi/Zmnj-9sjV7k/sddefault.jpg,FOLLOW ME around MOROCCO Ø§Ù„Ù…ØºØ±Ø¨ // I LOVE RABAT - Travel Vlog 2017
440,https://i.ytimg.com/vi/nqjDHOsybS0/sddefault.jpg,I HAD TO LEAVE MOROCCO ğŸ˜¢ Ø§Ù„Ù…ØºØ±Ø¨
441,https://i.ytimg.com/vi/m_z29oYY1aA/sddefault.jpg,MOROCCO: THIS VIDEO IS FOR YOU | The Best of Travel Ø§Ù„Ù…ØºØ±Ø¨
442,https://i.ytimg.com/vi/pv7mZ_nqQIs/sddefault.jpg,IS MOROCCO SAFE? All Your Questions Answered 2017 Ø§Ù„Ù…ØºØ±Ø¨
443,https://i.ytimg.com/vi/R4M7WInPp-8/sddefault.jpg,First FEELINGS of TRAVEL in EGYPT Ù…ØµØ±
444,https://i.ytimg.com/vi/GrxwvFQ1iG8/sddefault.jpg,EXPLORING CAIRO // EGYPT TRAVEL VLOG Ù…ØµØ±
445,https://i.ytimg.com/vi/5a5D0vYZOIw/sddefault.jpg,Come and TRAVEL EGYPT NOW | 2018 Is The Perfect Time Ù…ØµØ±
446,https://i.ytimg.com/vi/DmloKtweL9I/sddefault.jpg,TRAVEL in EGYPT for EXTREMELY CHEAP Ù…ØµØ±
447,https://i.ytimg.com/vi/esV4tcZgMFM/sddefault.jpg,THE PYRAMIDS OF GIZA // Egypt Travel Ù…ØµØ±
448,https://i.ytimg.com/vi/916LFeJWub0/sddefault.jpg,I LOVE EGYPT // You Should Travel Here (there are no tourists) Ù…ØµØ±
449,https://i.ytimg.com/vi/237TzorsZR0/sddefault.jpg,TRAVELLING in EGYPT is CRAZY Ù…ØµØ±
450,https://i.ytimg.com/vi/oOidk7S_9fo/sddefault.jpg,"Travel to THE RED SEA // Hurghada, Egypt Ù…ØµØ±"
451,https://i.ytimg.com/vi/sdthxDJRpH8/sddefault.jpg,EGYPT is SO MUCH FUN to TRAVEL Ù…ØµØ±
452,https://i.ytimg.com/vi/9Ui0Vl3MTmc/sddefault.jpg,SCUBA DIVING the RED SEA // Egypt Travel Ù…ØµØ±
453,https://i.ytimg.com/vi/s4Pa_yQQsC4/sddefault.jpg,SAHARA DESERT GANGSTERS // TRAVEL EGYPT 2017 Ù…ØµØ±
454,https://i.ytimg.com/vi/HHZ54tDM87Y/sddefault.jpg,"I FOUND DOLPHINS IN THE RED SEA, EGYPT Ù…ØµØ±"
455,https://i.ytimg.com/vi/srz-qX4mVJ8/sddefault.jpg,I HAD TO LEAVE EGYPT Ù…ØµØ± Ø§Ù„Ù…ØºØ±Ø¨
456,https://i.ytimg.com/vi/DI29rJAilhg/sddefault.jpg,"THIS IS THE REAL EGYPT 2017 (Must Watch, THE MEDIA IS WRONG) Ù…ØµØ±"
457,https://i.ytimg.com/vi/9OD9tVUtdyU/sddefault.jpg,IS EGYPT SAFE? All Your Questions Answered 2017 Ù…ØµØ±
458,https://i.ytimg.com/vi/hHBDKCknPN8/sddefault.jpg,How to TRAVEL in INDIA on $8.44 a day
459,https://i.ytimg.com/vi/SvvMi_o-4rk/sddefault.jpg,10 Vietnam Motorbiking Tips You Need To Know
460,https://i.ytimg.com/vi/yHMvY--G1OQ/sddefault.jpg,How To Get 1000 YouTube Subscribers (The Hard Way)
461,https://i.ytimg.com/vi/DmloKtweL9I/sddefault.jpg,TRAVEL in EGYPT for EXTREMELY CHEAP Ù…ØµØ±
462,https://i.ytimg.com/vi/vDC6D_sOqRY/sddefault.jpg,$300 DOLLARS CASH STOLEN in MOROCCO Ø§Ù„Ù…ØºØ±Ø¨
463,https://i.ytimg.com/vi/J3YQAYVe8B8/sddefault.jpg,TRAVEL in MOROCCO for EXTREMELY CHEAP Ø§Ù„Ù…ØºØ±Ø¨
464,https://i.ytimg.com/vi/9OD9tVUtdyU/sddefault.jpg,IS EGYPT SAFE? All Your Questions Answered 2017 Ù…ØµØ±
465,https://i.ytimg.com/vi/pv7mZ_nqQIs/sddefault.jpg,IS MOROCCO SAFE? All Your Questions Answered 2017 Ø§Ù„Ù…ØºØ±Ø¨
466,https://i.ytimg.com/vi/wF1Mp3X_g1k/sddefault.jpg,UKRAINE IS SOOOO CHEAP! ğŸ‡ºğŸ‡¦
467,https://i.ytimg.com/vi/Q3WRgWMpiuA/sddefault.jpg,HOW EXPENSIVE IS MACEDONIA? ğŸ‡²ğŸ‡°
468,https://i.ytimg.com/vi/2YQOHeDyKnc/sddefault.jpg,HOW DID THIS HAPPEN TO ME IN ARMENIA?
469,https://i.ytimg.com/vi/FyK62B5JBNo/sddefault.jpg,"HOW EXPENSIVE is NEPAL? Budget Travel, Kathmandu"
470,https://i.ytimg.com/vi/5MTBWoA5BcM/sddefault.jpg,ESSENTIAL PACKING LIST - Everest Base Camp | Gear + Advice
471,https://i.ytimg.com/vi/BoZvtKO46-s/sddefault.jpg,HOW EXPENSIVE IS BANGLADESH? ğŸ’°ğŸ‡§ğŸ‡©
472,https://i.ytimg.com/vi/P6UI7ugEM-Y/sddefault.jpg,IS BANGLADESH SAFE? ğŸ‡§ğŸ‡©
473,https://i.ytimg.com/vi/nT6eGNj26pI/sddefault.jpg,$80 CAMERA VS. $800 CAMERA
474,https://i.ytimg.com/vi/KkDx0M2PVL4/sddefault.jpg,HOW I MAKE MONEY.
475,https://i.ytimg.com/vi/IOSTjpSatL4/sddefault.jpg,"50,000 SUBSCRIBERS! ğŸ…ğŸ¼"
476,https://i.ytimg.com/vi/Rr06MLJTsvA/sddefault.jpg,FUTURE OF VLOGGING?
477,https://i.ytimg.com/vi/iivhnMttLKo/sddefault.jpg,Bangladesh PROBLEM.
478,https://i.ytimg.com/vi/6ovl0_e5rgg/sddefault.jpg,WHAT PHONE I USE & WHY â˜ï¸
479,https://i.ytimg.com/vi/JTOS-1KSVAs/sddefault.jpg,MY BIGGEST LIFE REGRETS.
480,https://i.ytimg.com/vi/NpMJ_mGwm4I/sddefault.jpg,HOW EXPENSIVE IS LEBANON? ğŸ‡±ğŸ‡§ Ù„Ø¨Ù†Ø§Ù†
481,https://i.ytimg.com/vi/NQANlWYHPyY/sddefault.jpg,What I think of LEBANESE PEOPLE ğŸ‡±ğŸ‡§ Ù„Ø¨Ù†Ø§Ù†
482,https://i.ytimg.com/vi/WHk-tcptVd4/sddefault.jpg,YOUTUBE VLOG SETUP ğŸ“·What Equipment I Use
483,https://i.ytimg.com/vi/fG8hjz1To74/sddefault.jpg,KAZAKHSTAN IS SOOO CHEAP!
484,https://i.ytimg.com/vi/y888mm_U0bc/sddefault.jpg,AZERBAIJAN IS SOOO CHEAP! ğŸ‡¦ğŸ‡¿
485,https://i.ytimg.com/vi/xwKSudvyzvo/sddefault.jpg,CASPIAN SEA FERRY - Tips & Advice/Highlights ğŸš¢
486,https://i.ytimg.com/vi/vYs6Fe4cI0E/sddefault.jpg,THANK YOU EVERYONE â¤ï¸(Patreon Shoutout)
487,https://i.ytimg.com/vi/cSO-3_0SsIg/sddefault.jpg,What the hell happened to me? INDIA TRAVEL
488,https://i.ytimg.com/vi/6rzjqLTxjsk/sddefault.jpg,DO NOT FLY AIR INDIA EXPRESS
489,https://i.ytimg.com/vi/uSqFbz5xSOA/sddefault.jpg,INDIA IS OVERWHELMING ğŸ˜µ
490,https://i.ytimg.com/vi/92mEY0dVoMM/sddefault.jpg,A MESSAGE TO THE INDIAN GOVERNMENT
491,https://i.ytimg.com/vi/PJk6PiyFwNo/sddefault.jpg,BEAUTIFUL PONDICHERRY INDIA
492,https://i.ytimg.com/vi/j4MEE3WtKtM/sddefault.jpg,ğŸŒ´GOA IS CRAZY | India TravelğŸŒ´
493,https://i.ytimg.com/vi/5fYoHMm6jl4/sddefault.jpg,GOA IS WILD | Travel India
494,https://i.ytimg.com/vi/8dla3KN2Hpg/sddefault.jpg,SENT to an INDIAN HOSPITAL (NIGHTMARE) Mumbai Travel
495,https://i.ytimg.com/vi/TuhknjtsxNc/sddefault.jpg,INDIA IS INSANE | RAW-UNCUT | MUMBAI
496,https://i.ytimg.com/vi/HN-jFTyRRF8/sddefault.jpg,Visiting an INDIAN SLUM (Overwhelming) Documentary - Mumbai
497,https://i.ytimg.com/vi/rDg5TkSkphA/sddefault.jpg,SCARY BUS TRAVEL in INDIA
498,https://i.ytimg.com/vi/H0V3owmGzV0/sddefault.jpg,INDIA IS EPIC | Rajasthan Travel
499,https://i.ytimg.com/vi/qVc5J50Cm8Q/sddefault.jpg,DRIVING a TUK-TUK in INDIA
500,https://i.ytimg.com/vi/hHBDKCknPN8/sddefault.jpg,How to TRAVEL in INDIA on $8.44 a day
501,https://i.ytimg.com/vi/L3dNBD9sql0/sddefault.jpg,JUMPING ON A MOVING TRAIN | India Travel
502,https://i.ytimg.com/vi/wFkJMtM1jGE/sddefault.jpg,INDIA TRAVEL: Epic Desert Adventure - Rajasthan
503,https://i.ytimg.com/vi/RzaZ6Dnv_wM/sddefault.jpg,BRUTAL 40 HOUR TRAIN RIDE - SMASHED MY CAMERA | India Travel
504,https://i.ytimg.com/vi/lpKKH00qJfc/sddefault.jpg,VARANASI IS INCREDIBLE - MUST WATCH - INDIA TRAVEL
505,https://i.ytimg.com/vi/LvvyuzsJrQw/sddefault.jpg,A BOAT RIDE ON THE GANGES RIVER | Varanasi India
506,https://i.ytimg.com/vi/DvIAYOZR_ZI/sddefault.jpg,INDIA TO RUSSIA? Travel To The World's Biggest Country
507,https://i.ytimg.com/vi/t5_qFOyV_lY/sddefault.jpg,quit your job and travel the world.
508,https://i.ytimg.com/vi/yHMvY--G1OQ/sddefault.jpg,How To Get 1000 YouTube Subscribers (The Hard Way)
509,https://i.ytimg.com/vi/0G-Ze7TRA_A/sddefault.jpg,"AIR INDIA, FULL REVIEW | DUBAI - DELHI | BOEING 787-8 (Dreamliner)"
510,https://i.ytimg.com/vi/EJWuPlv0Yjw/sddefault.jpg,BUYING A MOTORBIKE IN VIETNAM
511,https://i.ytimg.com/vi/Hdh9uVhuK_0/sddefault.jpg,STOPPED BY VIETNAM POLICE
512,https://i.ytimg.com/vi/ka2CxgUntew/sddefault.jpg,THE MOST SCARED I HAVE EVER BEEN | Vietnam Travel
513,https://i.ytimg.com/vi/MjQ3G7Rk8xM/sddefault.jpg,CRAZY VIETNAMESE DRIVERS
514,https://i.ytimg.com/vi/j1XYbH5sPDA/sddefault.jpg,"LANDSLIDES & FLOODING, MOTORBIKING VIETNAM"
515,https://i.ytimg.com/vi/hDz3fqUgHU0/sddefault.jpg,"SAPA, VIETNAM | Mountains, Markets, Scenery | BEAUTIFUL"
516,https://i.ytimg.com/vi/BF6zZ_GowVY/sddefault.jpg,ğŸHOW TO FIND WEED IN VIETNAMğŸ Travel
517,https://i.ytimg.com/vi/-PRvqalQnNc/sddefault.jpg,REAL VIETNAMESE CULTURE
518,https://i.ytimg.com/vi/yTAN0l4hjkM/sddefault.jpg,TEACHING ENGLISH & MOTORBIKE ACCIDENT | Vietnam Travel
519,https://i.ytimg.com/vi/GotqvGxK7o4/sddefault.jpg,"HANOI, VIETNAM | Motorbikes, Markets, Traffic | INSANE"
520,https://i.ytimg.com/vi/njkIiHxyx98/sddefault.jpg,HANOI IS CRAZY - VIETNAM
521,https://i.ytimg.com/vi/HD3hjkbhddw/sddefault.jpg,CRAZY TRAFFIC JAM | Vietnam Travel
522,https://i.ytimg.com/vi/9opam-qaG8A/sddefault.jpg,MAJESTIC HA LONG BAY | The Best of VIETNAM | Epic Boat Trip
523,https://i.ytimg.com/vi/MCR2_FT1dhY/sddefault.jpg,ROUGH DAY IN VIETNAM
524,https://i.ytimg.com/vi/BgIu7lC35P0/sddefault.jpg,CRAZY TRUCK CRASH IN VIETNAM
525,https://i.ytimg.com/vi/T6S1ciQYRTE/sddefault.jpg,"MOTORBIKING IN A FLOOD, VIETNAM"
526,https://i.ytimg.com/vi/rhsllxCg_yw/sddefault.jpg,BAD SKATEBOARD FALL - VIETNAM TRAVEL
527,https://i.ytimg.com/vi/Bf7yS11PFA0/sddefault.jpg,Motorbiking to an AMAZING Market in VIETNAM
528,https://i.ytimg.com/vi/lQrEzhw1-SI/sddefault.jpg,TEACHING VIETNAMESE KIDS HOW TO SKATEBOARD
529,https://i.ytimg.com/vi/m2WI2jK5xQQ/sddefault.jpg,SELLING DOG AT  A VIETNAM MARKET
530,https://i.ytimg.com/vi/tV5BNZYIq40/sddefault.jpg,ARRIVING IN SAIGON (HO CHI MINH CITY) VIETNAM
531,https://i.ytimg.com/vi/tO5cNxxE1YU/sddefault.jpg,HO CHI MINH CITY TRAFFIC IS INSANE
532,https://i.ytimg.com/vi/wuvID_juCMA/sddefault.jpg,"SAIGON, BEHIND THE SCENES (what you don't see) Vietnam Travel"
533,https://i.ytimg.com/vi/uqLWB8e4_zM/sddefault.jpg,My Incredible VIETNAM MOTORBIKE Adventure
534,https://i.ytimg.com/vi/QDjNb_-q9pM/sddefault.jpg,Exploring a WAR TUNNEL // Cá»§ Chi Vietnam
535,https://i.ytimg.com/vi/SvvMi_o-4rk/sddefault.jpg,10 Vietnam Motorbiking Tips You Need To Know
536,https://i.ytimg.com/vi/t5_qFOyV_lY/sddefault.jpg,quit your job and travel the world.
537,https://i.ytimg.com/vi/yHMvY--G1OQ/sddefault.jpg,How To Get 1000 YouTube Subscribers (The Hard Way)
538,https://i.ytimg.com/vi/xsc8AIgtkHU/sddefault.jpg,NEW ZEALAND TO ASIA | The Start of Something
539,https://i.ytimg.com/vi/hDz3fqUgHU0/sddefault.jpg,"SAPA, VIETNAM | Mountains, Markets, Scenery | BEAUTIFUL"
540,https://i.ytimg.com/vi/GotqvGxK7o4/sddefault.jpg,"HANOI, VIETNAM | Motorbikes, Markets, Traffic | INSANE"
541,https://i.ytimg.com/vi/9opam-qaG8A/sddefault.jpg,MAJESTIC HA LONG BAY | The Best of VIETNAM | Epic Boat Trip
542,https://i.ytimg.com/vi/wuvID_juCMA/sddefault.jpg,"SAIGON, BEHIND THE SCENES (what you don't see) Vietnam Travel"
543,https://i.ytimg.com/vi/PJk6PiyFwNo/sddefault.jpg,BEAUTIFUL PONDICHERRY INDIA
544,https://i.ytimg.com/vi/ham-tdrH6nk/sddefault.jpg,TRAVEL NEW ZEALAND | Inspiration
545,https://i.ytimg.com/vi/t5_qFOyV_lY/sddefault.jpg,quit your job and travel the world.
546,https://i.ytimg.com/vi/DI29rJAilhg/sddefault.jpg,"THIS IS THE REAL EGYPT 2017 (Must Watch, THE MEDIA IS WRONG) Ù…ØµØ±"
547,https://i.ytimg.com/vi/m_z29oYY1aA/sddefault.jpg,MOROCCO: THIS VIDEO IS FOR YOU | The Best of Travel Ø§Ù„Ù…ØºØ±Ø¨
548,https://i.ytimg.com/vi/GecyNCU5pbc/sddefault.jpg,Why Poland is CRUSHING IT! (Europeâ€™s biggest success story of the last 3 decades)
549,https://i.ytimg.com/vi/CbU1mYXFR9o/sddefault.jpg,"Nicknamed ""Europeâ€™s G-SPOT""â€¦what the heck is VILNIUS?"
550,https://i.ytimg.com/vi/NbXbbCt9bns/sddefault.jpg,"48 hours in Riga, Latvia: Low Cost and High-Quality European Life"
551,https://i.ytimg.com/vi/S1bv9zKqerg/sddefault.jpg,"Robots have taken over Tallinn, Estonia! (The most FUTURISTIC city in Europe)"
552,https://i.ytimg.com/vi/ESr2tYsKuZY/sddefault.jpg,Finland is SUPER WEIRD (Why are people so happy here?)
553,https://i.ytimg.com/vi/SlJ3Ub2fmo4/sddefault.jpg,ISTANBUL TRAVEL GUIDE 2023!
554,https://i.ytimg.com/vi/8Xbs-hGCe3Q/sddefault.jpg,Couple finds the least abusive Turkish Bath in Istanbul
555,https://i.ytimg.com/vi/CpN1kV_q2Xs/sddefault.jpg,I flew to Istanbul for a REAL Turkish Barber
556,https://i.ytimg.com/vi/Tic0ljkBwMQ/sddefault.jpg,30 AMAZING TURKISH STREET FOODS!
557,https://i.ytimg.com/vi/qJU5e-9XLm8/sddefault.jpg,Istanbul 2023
558,https://i.ytimg.com/vi/-HPQNzukYyM/sddefault.jpg,"First Impressions of Cape Town, South Africa"
559,https://i.ytimg.com/vi/SPhPhlw1lp4/sddefault.jpg,Best things to do in Cape Town 2023
560,https://i.ytimg.com/vi/sOm8DfbyF1s/sddefault.jpg,What to EXPECT hiking Table Mountain & Lion's Head in Cape Town!
561,https://i.ytimg.com/vi/walaHUkoCGE/sddefault.jpg,Cape Town's Most Affluent Suburbs (where tourists stay)
562,https://i.ytimg.com/vi/1WE_KZLpS-I/sddefault.jpg,Is Cape Town safe?
563,https://i.ytimg.com/vi/2GpaD498YQg/sddefault.jpg,We got robbed on the Grand Canyon Railway
564,https://i.ytimg.com/vi/FoQ98YTEoKw/sddefault.jpg,A national park infamous for THEFT
565,https://i.ytimg.com/vi/naJwE0gWH6o/sddefault.jpg,Riding America's MOST SCENIC Steam Train!
566,https://i.ytimg.com/vi/spH951Yiw84/sddefault.jpg,Driving Colorado's Million Dollar Highway! (Ouray - Silverton - Ridgeway - San Juan Mountains)
567,https://i.ytimg.com/vi/k3LpR8vLsOI/sddefault.jpg,"The Steepest Canyon in North America! (Black Canyon of the Gunnison National Park, Colorado)"
568,https://i.ytimg.com/vi/gRJA4nA-zEI/sddefault.jpg,Battling my claustrophobia in Mesa Verde National Park
569,https://i.ytimg.com/vi/BOpAgSVbSYo/sddefault.jpg,Grand Junction & The Colorado National Monument (ft. Aspen and Palisade)
570,https://i.ytimg.com/vi/O3UyKknKjnc/sddefault.jpg,"Driving ABOVE THE CLOUDS! Rocky Mountain National Park, Colorado (ft. Grand Lake)"
571,https://i.ytimg.com/vi/p3eqSPX_Pn8/sddefault.jpg,"Things to do in Kansas City, Missouri!"
572,https://i.ytimg.com/vi/In1pRK4BXOg/sddefault.jpg,"Things get NASHTY in Nashville, Tennessee!"
573,https://i.ytimg.com/vi/w2tURAPRzd8/sddefault.jpg,"Pigeon Forge, Gatlinburg, and the Great Smoky Mountains! (Adult Edition)"
574,https://i.ytimg.com/vi/d5Vp5MJVv5w/sddefault.jpg,"Best Eats & Things To Do in Charleston, South Carolina"
575,https://i.ytimg.com/vi/82f88q0DK2U/sddefault.jpg,The AFTERMATH of storing our RV in Florida humidity
576,https://i.ytimg.com/vi/Xj9kmcj8ePI/sddefault.jpg,TAKING A BREAK FROM RV LIFE (leaving our RV in Florida)
577,https://i.ytimg.com/vi/J6wlVc6Ditc/sddefault.jpg,How to RV Florida // Top 10 things you need to know
578,https://i.ytimg.com/vi/2lKEeCwi-AM/sddefault.jpg,Top 12 Best Beaches in Florida
579,https://i.ytimg.com/vi/8RfxAl6ecSo/sddefault.jpg,25 Things To Do In Florida Keys and Key West!
580,https://i.ytimg.com/vi/ivXR_mdq7E0/sddefault.jpg,Road Trip The Florida Keys! (Is it affordable?)
581,https://i.ytimg.com/vi/1ZEEpqtueZA/sddefault.jpg,"RVing Florida's Emerald Coast // Destin, Navarre, Pensacola, Fort Walton and Panama City"
582,https://i.ytimg.com/vi/j6VxW108BEE/sddefault.jpg,Staying at the LARGEST Luxury RV Park in Florida!
583,https://i.ytimg.com/vi/gChvePXQTPM/sddefault.jpg,"24 Hours in Biloxi, Mississippi | The Little Vegas of the South"
584,https://i.ytimg.com/vi/Pf3Qr2iS4fc/sddefault.jpg,Texas Gulf Coast // Is this the best place to live in Texas?
585,https://i.ytimg.com/vi/PRepFdwXvuo/sddefault.jpg,"The BEST BBQ in Austin, Texas - DINOSAUR BEEF RIB?!"
586,https://i.ytimg.com/vi/CwWpX7aiNHM/sddefault.jpg,"RVing West Texas for $35/night! (Marfa, TX)"
587,https://i.ytimg.com/vi/VqftiPWX5Is/sddefault.jpg,"Adjusting Back to RV Life (White Sands National Park, New Mexico)"
588,https://i.ytimg.com/vi/EGzUtLkVKNM/sddefault.jpg,SEASON 2 FULL TIME RV LIFE STARTS NOW! (Towing with a Ford F250)
589,https://i.ytimg.com/vi/eSwAXkY7vSQ/sddefault.jpg,WE BOUGHT A BETTER TRUCK TO TOW OUR RV (upgraded from 1/2 ton to 3/4 ton!)
590,https://i.ytimg.com/vi/ZMuvd7UMlLM/sddefault.jpg,RV ORGANIZATION & STORAGE // How we maximize space!
591,https://i.ytimg.com/vi/4Pg2aL3qbSo/sddefault.jpg,20 RV Newbie MISTAKES We Made in our First Year ğŸ¤¯
592,https://i.ytimg.com/vi/4dKFFqn2tv0/sddefault.jpg,How to find the Best RV Parks [as Full Time RVers!]
593,https://i.ytimg.com/vi/LJE__29E8pY/sddefault.jpg,RV LIVING COSTS: How much does it REALLY cost to full time RV?
594,https://i.ytimg.com/vi/h9D8QIoMRcM/sddefault.jpg,Are we quitting RV life?
595,https://i.ytimg.com/vi/JRrgF8b8J8c/sddefault.jpg,"MOAB, UTAH // Arches National Park + Canyonlands National Park"
596,https://i.ytimg.com/vi/jtIdHq1VNHY/sddefault.jpg,The best RV NO FREEZE WATER HOSE you've never heard of (winter RV camping)
597,https://i.ytimg.com/vi/UkvAIgy8Eso/sddefault.jpg,THE REALITIES OF RV LIFE (behind-the-scenes a month in our lives)
598,https://i.ytimg.com/vi/ylHfr0HcB20/sddefault.jpg,"BEFORE YOU GO TO GRAND TETON NATIONAL PARK, WATCH THIS..."
599,https://i.ytimg.com/vi/Gg5nnTL40As/sddefault.jpg,"BEFORE YOU GO TO YELLOWSTONE NATIONAL PARK, WATCH THIS..."
600,https://i.ytimg.com/vi/znds14zmMC0/sddefault.jpg,The Largest Mountain Carving In The World: Crazy Horse Memorial
601,https://i.ytimg.com/vi/wlRI16oE_rU/sddefault.jpg,Badlands National Park (ft. Wall Drug)
602,https://i.ytimg.com/vi/wa49AcsRBfc/sddefault.jpg,South Dakota's Hidden Gems: Custer State Park & The Black Hills
603,https://i.ytimg.com/vi/fAYlLpQ1g1g/sddefault.jpg,Full Time RV Life [what an average week looks like]
604,https://i.ytimg.com/vi/q0sbBphpPbU/sddefault.jpg,What To Do In Traverse City (Unsalted Edition)
605,https://i.ytimg.com/vi/mdQWkO4LXc0/sddefault.jpg,"Michigan's Hidden Gems: Harbor Springs, Petoskey, and Charlevoix!"
606,https://i.ytimg.com/vi/Y0z6jLjmwh0/sddefault.jpg,1st Year of RV Living - Everything we learned
607,https://i.ytimg.com/vi/ZQkz-mDmURs/sddefault.jpg,"The Magic of Mackinac Island, Michigan"
608,https://i.ytimg.com/vi/iAAS9stlByw/sddefault.jpg,RVing Michigan | Billâ€™s Hot Dogs & Frankenmuth
609,https://i.ytimg.com/vi/X6kFj6PP1Qw/sddefault.jpg,"Can the Seneca Lake Wine Trail compete with Napa Valley? // The Finger Lakes, New York"
610,https://i.ytimg.com/vi/BvXm4hpcSZ4/sddefault.jpg,"Things To Do In Newport, Rhode Island!"
611,https://i.ytimg.com/vi/GdFGj6WGsf0/sddefault.jpg,"What To Do In Acadia National Park | Bar Harbor, Maine"
612,https://i.ytimg.com/vi/UOBJPlmjBLg/sddefault.jpg,"Best Things To Do In Acadia National Park | Bar Harbor, Maine"
613,https://i.ytimg.com/vi/jhisvM9xo7k/sddefault.jpg,We took our trailer on the NJ Turnpike! (LOW CLEARANCES)
614,https://i.ytimg.com/vi/c4NoVR5Y1G4/sddefault.jpg,RVing the East Coast | VIRGINIA to PENNSYLVANIA to NEW YORK
615,https://i.ytimg.com/vi/xtBwcI6aKEY/sddefault.jpg,The last mile home.
616,https://i.ytimg.com/vi/zeJuJ9Evge4/sddefault.jpg,Bryce Canyon National Park (The Land of Cheeto Dust)
617,https://i.ytimg.com/vi/FoQ98YTEoKw/sddefault.jpg,A national park infamous for THEFT
618,https://i.ytimg.com/vi/atr0a8I2tZM/sddefault.jpg,Top 15 RV Essentials for 2023 (Highly Reviewed & Tested!)
619,https://i.ytimg.com/vi/naJwE0gWH6o/sddefault.jpg,Riding America's MOST SCENIC Steam Train!
620,https://i.ytimg.com/vi/spH951Yiw84/sddefault.jpg,Driving Colorado's Million Dollar Highway! (Ouray - Silverton - Ridgeway - San Juan Mountains)
621,https://i.ytimg.com/vi/k3LpR8vLsOI/sddefault.jpg,"The Steepest Canyon in North America! (Black Canyon of the Gunnison National Park, Colorado)"
622,https://i.ytimg.com/vi/gRJA4nA-zEI/sddefault.jpg,Battling my claustrophobia in Mesa Verde National Park
623,https://i.ytimg.com/vi/BOpAgSVbSYo/sddefault.jpg,Grand Junction & The Colorado National Monument (ft. Aspen and Palisade)
624,https://i.ytimg.com/vi/O3UyKknKjnc/sddefault.jpg,"Driving ABOVE THE CLOUDS! Rocky Mountain National Park, Colorado (ft. Grand Lake)"
625,https://i.ytimg.com/vi/p3eqSPX_Pn8/sddefault.jpg,"Things to do in Kansas City, Missouri!"
626,https://i.ytimg.com/vi/In1pRK4BXOg/sddefault.jpg,"Things get NASHTY in Nashville, Tennessee!"
627,https://i.ytimg.com/vi/w2tURAPRzd8/sddefault.jpg,"Pigeon Forge, Gatlinburg, and the Great Smoky Mountains! (Adult Edition)"
628,https://i.ytimg.com/vi/d5Vp5MJVv5w/sddefault.jpg,"Best Eats & Things To Do in Charleston, South Carolina"
629,https://i.ytimg.com/vi/82f88q0DK2U/sddefault.jpg,The AFTERMATH of storing our RV in Florida humidity
630,https://i.ytimg.com/vi/Xj9kmcj8ePI/sddefault.jpg,TAKING A BREAK FROM RV LIFE (leaving our RV in Florida)
631,https://i.ytimg.com/vi/J6wlVc6Ditc/sddefault.jpg,How to RV Florida // Top 10 things you need to know
632,https://i.ytimg.com/vi/2lKEeCwi-AM/sddefault.jpg,Top 12 Best Beaches in Florida
633,https://i.ytimg.com/vi/8RfxAl6ecSo/sddefault.jpg,25 Things To Do In Florida Keys and Key West!
634,https://i.ytimg.com/vi/ivXR_mdq7E0/sddefault.jpg,Road Trip The Florida Keys! (Is it affordable?)
635,https://i.ytimg.com/vi/1ZEEpqtueZA/sddefault.jpg,"RVing Florida's Emerald Coast // Destin, Navarre, Pensacola, Fort Walton and Panama City"
636,https://i.ytimg.com/vi/j6VxW108BEE/sddefault.jpg,Staying at the LARGEST Luxury RV Park in Florida!
637,https://i.ytimg.com/vi/gChvePXQTPM/sddefault.jpg,"24 Hours in Biloxi, Mississippi | The Little Vegas of the South"
638,https://i.ytimg.com/vi/Pf3Qr2iS4fc/sddefault.jpg,Texas Gulf Coast // Is this the best place to live in Texas?
639,https://i.ytimg.com/vi/PRepFdwXvuo/sddefault.jpg,"The BEST BBQ in Austin, Texas - DINOSAUR BEEF RIB?!"
640,https://i.ytimg.com/vi/CwWpX7aiNHM/sddefault.jpg,"RVing West Texas for $35/night! (Marfa, TX)"
641,https://i.ytimg.com/vi/VqftiPWX5Is/sddefault.jpg,"Adjusting Back to RV Life (White Sands National Park, New Mexico)"
642,https://i.ytimg.com/vi/EGzUtLkVKNM/sddefault.jpg,SEASON 2 FULL TIME RV LIFE STARTS NOW! (Towing with a Ford F250)
643,https://i.ytimg.com/vi/eSwAXkY7vSQ/sddefault.jpg,WE BOUGHT A BETTER TRUCK TO TOW OUR RV (upgraded from 1/2 ton to 3/4 ton!)
644,https://i.ytimg.com/vi/ZMuvd7UMlLM/sddefault.jpg,RV ORGANIZATION & STORAGE // How we maximize space!
645,https://i.ytimg.com/vi/sVUnwWhz1x0/sddefault.jpg,How to NOT Catch an Edge on your Snowboard
646,https://i.ytimg.com/vi/4Pg2aL3qbSo/sddefault.jpg,20 RV Newbie MISTAKES We Made in our First Year ğŸ¤¯
647,https://i.ytimg.com/vi/4dKFFqn2tv0/sddefault.jpg,How to find the Best RV Parks [as Full Time RVers!]
648,https://i.ytimg.com/vi/LJE__29E8pY/sddefault.jpg,RV LIVING COSTS: How much does it REALLY cost to full time RV?
649,https://i.ytimg.com/vi/h9D8QIoMRcM/sddefault.jpg,Are we quitting RV life?
650,https://i.ytimg.com/vi/JRrgF8b8J8c/sddefault.jpg,"MOAB, UTAH // Arches National Park + Canyonlands National Park"
651,https://i.ytimg.com/vi/jtIdHq1VNHY/sddefault.jpg,The best RV NO FREEZE WATER HOSE you've never heard of (winter RV camping)
652,https://i.ytimg.com/vi/UkvAIgy8Eso/sddefault.jpg,THE REALITIES OF RV LIFE (behind-the-scenes a month in our lives)
653,https://i.ytimg.com/vi/ylHfr0HcB20/sddefault.jpg,"BEFORE YOU GO TO GRAND TETON NATIONAL PARK, WATCH THIS..."
654,https://i.ytimg.com/vi/Gg5nnTL40As/sddefault.jpg,"BEFORE YOU GO TO YELLOWSTONE NATIONAL PARK, WATCH THIS..."
655,https://i.ytimg.com/vi/znds14zmMC0/sddefault.jpg,The Largest Mountain Carving In The World: Crazy Horse Memorial
656,https://i.ytimg.com/vi/wlRI16oE_rU/sddefault.jpg,Badlands National Park (ft. Wall Drug)
657,https://i.ytimg.com/vi/wa49AcsRBfc/sddefault.jpg,South Dakota's Hidden Gems: Custer State Park & The Black Hills
658,https://i.ytimg.com/vi/fAYlLpQ1g1g/sddefault.jpg,Full Time RV Life [what an average week looks like]
659,https://i.ytimg.com/vi/q0sbBphpPbU/sddefault.jpg,What To Do In Traverse City (Unsalted Edition)
660,https://i.ytimg.com/vi/mdQWkO4LXc0/sddefault.jpg,"Michigan's Hidden Gems: Harbor Springs, Petoskey, and Charlevoix!"
661,https://i.ytimg.com/vi/Y0z6jLjmwh0/sddefault.jpg,1st Year of RV Living - Everything we learned
662,https://i.ytimg.com/vi/ZQkz-mDmURs/sddefault.jpg,"The Magic of Mackinac Island, Michigan"
663,https://i.ytimg.com/vi/iAAS9stlByw/sddefault.jpg,RVing Michigan | Billâ€™s Hot Dogs & Frankenmuth
664,https://i.ytimg.com/vi/X6kFj6PP1Qw/sddefault.jpg,"Can the Seneca Lake Wine Trail compete with Napa Valley? // The Finger Lakes, New York"
665,https://i.ytimg.com/vi/m66wKY6K96U/sddefault.jpg,"48 Hours in Porto, Portugal (First impressions!)"
666,https://i.ytimg.com/vi/2Nx3pEhhUS0/sddefault.jpg,"Epic Portugal Roadtrip (Porto - Lisbon - Algarve - Ã“bidos - NazarÃ© - Coimbra, and Aveiro)"
667,https://i.ytimg.com/vi/ntd3PjXtuVQ/sddefault.jpg,"25 things to do in Lisbon, Portugal!"
668,https://i.ytimg.com/vi/h9D8QIoMRcM/sddefault.jpg,Are we quitting RV life?
669,https://i.ytimg.com/vi/JRrgF8b8J8c/sddefault.jpg,"MOAB, UTAH // Arches National Park + Canyonlands National Park"
670,https://i.ytimg.com/vi/zeJuJ9Evge4/sddefault.jpg,Bryce Canyon National Park (The Land of Cheeto Dust)
671,https://i.ytimg.com/vi/xtBwcI6aKEY/sddefault.jpg,The last mile home.
672,https://i.ytimg.com/vi/wa49AcsRBfc/sddefault.jpg,South Dakota's Hidden Gems: Custer State Park & The Black Hills
673,https://i.ytimg.com/vi/wlRI16oE_rU/sddefault.jpg,Badlands National Park (ft. Wall Drug)
674,https://i.ytimg.com/vi/znds14zmMC0/sddefault.jpg,The Largest Mountain Carving In The World: Crazy Horse Memorial
675,https://i.ytimg.com/vi/iAAS9stlByw/sddefault.jpg,RVing Michigan | Billâ€™s Hot Dogs & Frankenmuth
676,https://i.ytimg.com/vi/ZQkz-mDmURs/sddefault.jpg,"The Magic of Mackinac Island, Michigan"
677,https://i.ytimg.com/vi/mdQWkO4LXc0/sddefault.jpg,"Michigan's Hidden Gems: Harbor Springs, Petoskey, and Charlevoix!"
678,https://i.ytimg.com/vi/q0sbBphpPbU/sddefault.jpg,What To Do In Traverse City (Unsalted Edition)
679,https://i.ytimg.com/vi/p3eqSPX_Pn8/sddefault.jpg,"Things to do in Kansas City, Missouri!"
680,https://i.ytimg.com/vi/znds14zmMC0/sddefault.jpg,The Largest Mountain Carving In The World: Crazy Horse Memorial
681,https://i.ytimg.com/vi/wlRI16oE_rU/sddefault.jpg,Badlands National Park (ft. Wall Drug)
682,https://i.ytimg.com/vi/wa49AcsRBfc/sddefault.jpg,South Dakota's Hidden Gems: Custer State Park & The Black Hills
683,https://i.ytimg.com/vi/fAYlLpQ1g1g/sddefault.jpg,Full Time RV Life [what an average week looks like]
684,https://i.ytimg.com/vi/q0sbBphpPbU/sddefault.jpg,What To Do In Traverse City (Unsalted Edition)
685,https://i.ytimg.com/vi/mdQWkO4LXc0/sddefault.jpg,"Michigan's Hidden Gems: Harbor Springs, Petoskey, and Charlevoix!"
686,https://i.ytimg.com/vi/ZQkz-mDmURs/sddefault.jpg,"The Magic of Mackinac Island, Michigan"
687,https://i.ytimg.com/vi/iAAS9stlByw/sddefault.jpg,RVing Michigan | Billâ€™s Hot Dogs & Frankenmuth
688,https://i.ytimg.com/vi/Pf3Qr2iS4fc/sddefault.jpg,Texas Gulf Coast // Is this the best place to live in Texas?
689,https://i.ytimg.com/vi/PRepFdwXvuo/sddefault.jpg,"The BEST BBQ in Austin, Texas - DINOSAUR BEEF RIB?!"
690,https://i.ytimg.com/vi/CwWpX7aiNHM/sddefault.jpg,"RVing West Texas for $35/night! (Marfa, TX)"
691,https://i.ytimg.com/vi/806sjTyVy2M/sddefault.jpg,"What To Do In Austin, Texas? // AUSTIN TRAVEL GUIDE"
692,https://i.ytimg.com/vi/qlbeNdu5NMI/sddefault.jpg,Surviving the Texas FREEZE in our RV!
693,https://i.ytimg.com/vi/RzBcfvJ1DQ8/sddefault.jpg,"Have you heard of Marfa, Texas? [USA Road Trip]"
694,https://i.ytimg.com/vi/w2tURAPRzd8/sddefault.jpg,"Pigeon Forge, Gatlinburg, and the Great Smoky Mountains! (Adult Edition)"
695,https://i.ytimg.com/vi/In1pRK4BXOg/sddefault.jpg,"Things get NASHTY in Nashville, Tennessee!"
696,https://i.ytimg.com/vi/goGIukJ5TNA/sddefault.jpg,"What To Do In Nashville, Tennessee // Nashville Travel Guide"
697,https://i.ytimg.com/vi/BOpAgSVbSYo/sddefault.jpg,Grand Junction & The Colorado National Monument (ft. Aspen and Palisade)
698,https://i.ytimg.com/vi/O3UyKknKjnc/sddefault.jpg,"Driving ABOVE THE CLOUDS! Rocky Mountain National Park, Colorado (ft. Grand Lake)"
699,https://i.ytimg.com/vi/gRJA4nA-zEI/sddefault.jpg,Battling my claustrophobia in Mesa Verde National Park
700,https://i.ytimg.com/vi/k3LpR8vLsOI/sddefault.jpg,"The Steepest Canyon in North America! (Black Canyon of the Gunnison National Park, Colorado)"
701,https://i.ytimg.com/vi/spH951Yiw84/sddefault.jpg,Driving Colorado's Million Dollar Highway! (Ouray - Silverton - Ridgeway - San Juan Mountains)
702,https://i.ytimg.com/vi/naJwE0gWH6o/sddefault.jpg,Riding America's MOST SCENIC Steam Train!
703,https://i.ytimg.com/vi/RbbfnpUOL1A/sddefault.jpg,Losing our sh*t in Telluride Colorado
704,https://i.ytimg.com/vi/82f88q0DK2U/sddefault.jpg,The AFTERMATH of storing our RV in Florida humidity
705,https://i.ytimg.com/vi/Xj9kmcj8ePI/sddefault.jpg,TAKING A BREAK FROM RV LIFE (leaving our RV in Florida)
706,https://i.ytimg.com/vi/J6wlVc6Ditc/sddefault.jpg,How to RV Florida // Top 10 things you need to know
707,https://i.ytimg.com/vi/2lKEeCwi-AM/sddefault.jpg,Top 12 Best Beaches in Florida
708,https://i.ytimg.com/vi/8RfxAl6ecSo/sddefault.jpg,25 Things To Do In Florida Keys and Key West!
709,https://i.ytimg.com/vi/ivXR_mdq7E0/sddefault.jpg,Road Trip The Florida Keys! (Is it affordable?)
710,https://i.ytimg.com/vi/1ZEEpqtueZA/sddefault.jpg,"RVing Florida's Emerald Coast // Destin, Navarre, Pensacola, Fort Walton and Panama City"
711,https://i.ytimg.com/vi/j6VxW108BEE/sddefault.jpg,Staying at the LARGEST Luxury RV Park in Florida!
712,https://i.ytimg.com/vi/ud4p-PChHf4/sddefault.jpg,"Things To Do In St. Augustine, Florida (America's Oldest City)"
713,https://i.ytimg.com/vi/TErwg4rEl1c/sddefault.jpg,How we avoided a major RV tire blow out!
714,https://i.ytimg.com/vi/wZz680LR06w/sddefault.jpg,Things to do in Key West ğŸŒ´
715,https://i.ytimg.com/vi/iqJBPvX3Y34/sddefault.jpg,RV Life in THE FLORIDA KEYS!
716,https://i.ytimg.com/vi/HiBp-TQL5mc/sddefault.jpg,"RV Life in THE FLORIDA KEYS | Jolly Roger RV Resort, Bahia Honda State Park & Sombrero Beach"
717,https://i.ytimg.com/vi/ck9DSpya8ZE/sddefault.jpg,"Best Cuban Sandwich in Little Havana, Miami"
718,https://i.ytimg.com/vi/s6bAxbc-GHM/sddefault.jpg,Best Florida Everglades National Park Airboat Ride!
719,https://i.ytimg.com/vi/aaFXwVUf7Z4/sddefault.jpg,"RVing Miami, Florida!"
720,https://i.ytimg.com/vi/DBf0z9x1I84/sddefault.jpg,"RV TOUR of our Remodeled Dutchmen Coleman (under $20,000)"
721,https://i.ytimg.com/vi/ZMuvd7UMlLM/sddefault.jpg,RV ORGANIZATION & STORAGE // How we maximize space!
722,https://i.ytimg.com/vi/eSwAXkY7vSQ/sddefault.jpg,WE BOUGHT A BETTER TRUCK TO TOW OUR RV (upgraded from 1/2 ton to 3/4 ton!)
723,https://i.ytimg.com/vi/EGzUtLkVKNM/sddefault.jpg,SEASON 2 FULL TIME RV LIFE STARTS NOW! (Towing with a Ford F250)
724,https://i.ytimg.com/vi/VqftiPWX5Is/sddefault.jpg,"Adjusting Back to RV Life (White Sands National Park, New Mexico)"
725,https://i.ytimg.com/vi/CwWpX7aiNHM/sddefault.jpg,"RVing West Texas for $35/night! (Marfa, TX)"
726,https://i.ytimg.com/vi/PRepFdwXvuo/sddefault.jpg,"The BEST BBQ in Austin, Texas - DINOSAUR BEEF RIB?!"
727,https://i.ytimg.com/vi/Pf3Qr2iS4fc/sddefault.jpg,Texas Gulf Coast // Is this the best place to live in Texas?
728,https://i.ytimg.com/vi/gChvePXQTPM/sddefault.jpg,"24 Hours in Biloxi, Mississippi | The Little Vegas of the South"
729,https://i.ytimg.com/vi/1ZEEpqtueZA/sddefault.jpg,"RVing Florida's Emerald Coast // Destin, Navarre, Pensacola, Fort Walton and Panama City"
730,https://i.ytimg.com/vi/j6VxW108BEE/sddefault.jpg,Staying at the LARGEST Luxury RV Park in Florida!
731,https://i.ytimg.com/vi/ivXR_mdq7E0/sddefault.jpg,Road Trip The Florida Keys! (Is it affordable?)
732,https://i.ytimg.com/vi/Xj9kmcj8ePI/sddefault.jpg,TAKING A BREAK FROM RV LIFE (leaving our RV in Florida)
733,https://i.ytimg.com/vi/82f88q0DK2U/sddefault.jpg,The AFTERMATH of storing our RV in Florida humidity
734,https://i.ytimg.com/vi/d5Vp5MJVv5w/sddefault.jpg,"Best Eats & Things To Do in Charleston, South Carolina"
735,https://i.ytimg.com/vi/w2tURAPRzd8/sddefault.jpg,"Pigeon Forge, Gatlinburg, and the Great Smoky Mountains! (Adult Edition)"
736,https://i.ytimg.com/vi/In1pRK4BXOg/sddefault.jpg,"Things get NASHTY in Nashville, Tennessee!"
737,https://i.ytimg.com/vi/p3eqSPX_Pn8/sddefault.jpg,"Things to do in Kansas City, Missouri!"
738,https://i.ytimg.com/vi/O3UyKknKjnc/sddefault.jpg,"Driving ABOVE THE CLOUDS! Rocky Mountain National Park, Colorado (ft. Grand Lake)"
739,https://i.ytimg.com/vi/BOpAgSVbSYo/sddefault.jpg,Grand Junction & The Colorado National Monument (ft. Aspen and Palisade)
740,https://i.ytimg.com/vi/gRJA4nA-zEI/sddefault.jpg,Battling my claustrophobia in Mesa Verde National Park
741,https://i.ytimg.com/vi/k3LpR8vLsOI/sddefault.jpg,"The Steepest Canyon in North America! (Black Canyon of the Gunnison National Park, Colorado)"
742,https://i.ytimg.com/vi/spH951Yiw84/sddefault.jpg,Driving Colorado's Million Dollar Highway! (Ouray - Silverton - Ridgeway - San Juan Mountains)
743,https://i.ytimg.com/vi/naJwE0gWH6o/sddefault.jpg,Riding America's MOST SCENIC Steam Train!
744,https://i.ytimg.com/vi/RbbfnpUOL1A/sddefault.jpg,Losing our sh*t in Telluride Colorado
745,https://i.ytimg.com/vi/2GpaD498YQg/sddefault.jpg,We got robbed on the Grand Canyon Railway
746,https://i.ytimg.com/vi/atr0a8I2tZM/sddefault.jpg,Top 15 RV Essentials for 2023 (Highly Reviewed & Tested!)
747,https://i.ytimg.com/vi/mZHVgUR7I1M/sddefault.jpg,"Our $1,000,000 Dubai Vacation"
748,https://i.ytimg.com/vi/FoQ98YTEoKw/sddefault.jpg,A national park infamous for THEFT
749,https://i.ytimg.com/vi/zeJuJ9Evge4/sddefault.jpg,Bryce Canyon National Park (The Land of Cheeto Dust)
750,https://i.ytimg.com/vi/xtBwcI6aKEY/sddefault.jpg,The last mile home.
751,https://i.ytimg.com/vi/NwNDLbsCylI/sddefault.jpg,How we found a USED RV online! (RV NEWBIE BUYING GUIDE)
752,https://i.ytimg.com/vi/LJE__29E8pY/sddefault.jpg,RV LIVING COSTS: How much does it REALLY cost to full time RV?
753,https://i.ytimg.com/vi/6h1-Rn8blSY/sddefault.jpg,"RV NEWBIE First Day In Travel Trailer // Lake Tahoe, California"
754,https://i.ytimg.com/vi/DBf0z9x1I84/sddefault.jpg,"RV TOUR of our Remodeled Dutchmen Coleman (under $20,000)"
755,https://i.ytimg.com/vi/Y0z6jLjmwh0/sddefault.jpg,1st Year of RV Living - Everything we learned
756,https://i.ytimg.com/vi/4Pg2aL3qbSo/sddefault.jpg,20 RV Newbie MISTAKES We Made in our First Year ğŸ¤¯
757,https://i.ytimg.com/vi/4dKFFqn2tv0/sddefault.jpg,How to find the Best RV Parks [as Full Time RVers!]
758,https://i.ytimg.com/vi/eY7cu89bbtY/sddefault.jpg,RV newbs cook their brakes towing down 15% steep grade ğŸ”¥ (Biggest RV mistake)
759,https://i.ytimg.com/vi/TErwg4rEl1c/sddefault.jpg,How we avoided a major RV tire blow out!
760,https://i.ytimg.com/vi/wGRBCDVLYiw/sddefault.jpg,How We Work Remotely On The Road [Working & Living in an RV full time]
761,https://i.ytimg.com/vi/qlbeNdu5NMI/sddefault.jpg,Surviving the Texas FREEZE in our RV!
762,https://i.ytimg.com/vi/KGXf3FU0HAQ/sddefault.jpg,"Full Time RV Living UPDATE in Yosemite National Park, California [USA Road Trip]"
763,https://i.ytimg.com/vi/NBM8_E7mtyw/sddefault.jpg,First Week of RV Life
764,https://i.ytimg.com/vi/KP0HQdN1Fmw/sddefault.jpg,Travel Trailer Living for RV Newbies - Buying & Prepping our First RV!
765,https://i.ytimg.com/vi/Iu0hl8b7WF4/sddefault.jpg,"Predator 3500 Generator Unboxing, Start Up, Setup, Oil Change, Review | Is it Super Quiet?"
766,https://i.ytimg.com/vi/iV2yaDwycbI/sddefault.jpg,We Bought An RV Travel Trailer! Is this the best way to travel again?
767,https://i.ytimg.com/vi/eSwAXkY7vSQ/sddefault.jpg,WE BOUGHT A BETTER TRUCK TO TOW OUR RV (upgraded from 1/2 ton to 3/4 ton!)
768,https://i.ytimg.com/vi/2GpaD498YQg/sddefault.jpg,We got robbed on the Grand Canyon Railway
769,https://i.ytimg.com/vi/JRrgF8b8J8c/sddefault.jpg,"MOAB, UTAH // Arches National Park + Canyonlands National Park"
770,https://i.ytimg.com/vi/Gg5nnTL40As/sddefault.jpg,"BEFORE YOU GO TO YELLOWSTONE NATIONAL PARK, WATCH THIS..."
771,https://i.ytimg.com/vi/ylHfr0HcB20/sddefault.jpg,"BEFORE YOU GO TO GRAND TETON NATIONAL PARK, WATCH THIS..."
772,https://i.ytimg.com/vi/s6bAxbc-GHM/sddefault.jpg,Best Florida Everglades National Park Airboat Ride!
773,https://i.ytimg.com/vi/GdFGj6WGsf0/sddefault.jpg,"What To Do In Acadia National Park | Bar Harbor, Maine"
774,https://i.ytimg.com/vi/UOBJPlmjBLg/sddefault.jpg,"Best Things To Do In Acadia National Park | Bar Harbor, Maine"
775,https://i.ytimg.com/vi/wlRI16oE_rU/sddefault.jpg,Badlands National Park (ft. Wall Drug)
776,https://i.ytimg.com/vi/FoQ98YTEoKw/sddefault.jpg,A national park infamous for THEFT
777,https://i.ytimg.com/vi/gRJA4nA-zEI/sddefault.jpg,Battling my claustrophobia in Mesa Verde National Park
778,https://i.ytimg.com/vi/zeJuJ9Evge4/sddefault.jpg,Bryce Canyon National Park (The Land of Cheeto Dust)
779,https://i.ytimg.com/vi/O3UyKknKjnc/sddefault.jpg,"Driving ABOVE THE CLOUDS! Rocky Mountain National Park, Colorado (ft. Grand Lake)"
780,https://i.ytimg.com/vi/k3LpR8vLsOI/sddefault.jpg,"The Steepest Canyon in North America! (Black Canyon of the Gunnison National Park, Colorado)"
781,https://i.ytimg.com/vi/VqftiPWX5Is/sddefault.jpg,"Adjusting Back to RV Life (White Sands National Park, New Mexico)"
782,https://i.ytimg.com/vi/KGXf3FU0HAQ/sddefault.jpg,"Full Time RV Living UPDATE in Yosemite National Park, California [USA Road Trip]"
783,https://i.ytimg.com/vi/OIlvJ1OaIC4/sddefault.jpg,Hiking Yosemiteâ€™s Mist Trail to Nevada Falls (RV Road trip!)
784,https://i.ytimg.com/vi/pkNDQi3wYGY/sddefault.jpg,"Dry Camping in Death Valley National Park, California [USA Road Trip]"
785,https://i.ytimg.com/vi/wGcZLYRQ3jY/sddefault.jpg,"RVing with ELKS  in Redwood National and State Parks, CA"
786,https://i.ytimg.com/vi/lMhGXNE0w4w/sddefault.jpg,"Shenandoah National Park, Virginia // Full Time RV Life"
787,https://i.ytimg.com/vi/mt6gyfRC3Ao/sddefault.jpg,RVing Joshua Tree National Park [USA Road Trip]
788,https://i.ytimg.com/vi/qe15-FW9lcA/sddefault.jpg,"We met the Flute Man in Boynton Canyon Vortex // Sedona, Arizona"
789,https://i.ytimg.com/vi/YjHmFWSkwag/sddefault.jpg,Hiking Sedona Devil's Bridge Trail and Cathedral Rock
790,https://i.ytimg.com/vi/BZhtT47NMqc/sddefault.jpg,"We found the tallest Cactus in Saguaro National Park, Arizona (50+ feet!)"
791,https://i.ytimg.com/vi/JfA5baW3Q6c/sddefault.jpg,Is Colombia safe? Is MedellÃ­n still dangerous? | The News & Netflix vs. The NEW Colombia
792,https://i.ytimg.com/vi/e0UCdI4YrLg/sddefault.jpg,"CARTAGENA, COLOMBIA ğŸ‡¨ğŸ‡´| What to do, What to see, Where to Eat & TOURIST TRAPS"
793,https://i.ytimg.com/vi/opi4rJpFiRE/sddefault.jpg,"Week in Cartagena, Colombia  | What To Expect Exploring The Historic Old Town!"
794,https://i.ytimg.com/vi/3ygdtsSlEQk/sddefault.jpg,"American Living in Medellin, Colombia"
795,https://i.ytimg.com/vi/hmESXp4_kUo/sddefault.jpg,FLYING DURING THE PANDEMIC 2020 (4 Airports from Colombia to USA) | Last Minute Attempt to Get Home!
796,https://i.ytimg.com/vi/kS9NO6pv6hI/sddefault.jpg,"Best AIRBNB in GuatapÃ©, Colombia | Close To Piedra Del PeÃ±ol!"
797,https://i.ytimg.com/vi/-1EfyhfB3AI/sddefault.jpg,"Cartagena Colombia Travel Guide | Best Ceviche, Best Coffee, Best Rooftop Bar"
798,https://i.ytimg.com/vi/ikZMoTWntE4/sddefault.jpg,"The best weekend trip from MedellÃ­n? // Santa Fe de Antioquia, Colombia"
799,https://i.ytimg.com/vi/RXxORB41lf8/sddefault.jpg,Is GuatapÃ© Colombia's Best Kept Secret?
800,https://i.ytimg.com/vi/ZgkY_6yOAo8/sddefault.jpg,Metro cable to Comuna 13 Medellin - once the most dangerous neighborhood in Medellin
801,https://i.ytimg.com/vi/iV2yaDwycbI/sddefault.jpg,We Bought An RV Travel Trailer! Is this the best way to travel again?
802,https://i.ytimg.com/vi/6h1-Rn8blSY/sddefault.jpg,"RV NEWBIE First Day In Travel Trailer // Lake Tahoe, California"
803,https://i.ytimg.com/vi/NBM8_E7mtyw/sddefault.jpg,First Week of RV Life
804,https://i.ytimg.com/vi/wGcZLYRQ3jY/sddefault.jpg,"RVing with ELKS  in Redwood National and State Parks, CA"
805,https://i.ytimg.com/vi/KGXf3FU0HAQ/sddefault.jpg,"Full Time RV Living UPDATE in Yosemite National Park, California [USA Road Trip]"
806,https://i.ytimg.com/vi/OIlvJ1OaIC4/sddefault.jpg,Hiking Yosemiteâ€™s Mist Trail to Nevada Falls (RV Road trip!)
807,https://i.ytimg.com/vi/pkNDQi3wYGY/sddefault.jpg,"Dry Camping in Death Valley National Park, California [USA Road Trip]"
808,https://i.ytimg.com/vi/YjHmFWSkwag/sddefault.jpg,Hiking Sedona Devil's Bridge Trail and Cathedral Rock
809,https://i.ytimg.com/vi/qe15-FW9lcA/sddefault.jpg,"We met the Flute Man in Boynton Canyon Vortex // Sedona, Arizona"
810,https://i.ytimg.com/vi/BZhtT47NMqc/sddefault.jpg,"We found the tallest Cactus in Saguaro National Park, Arizona (50+ feet!)"
811,https://i.ytimg.com/vi/mt6gyfRC3Ao/sddefault.jpg,RVing Joshua Tree National Park [USA Road Trip]
812,https://i.ytimg.com/vi/RzBcfvJ1DQ8/sddefault.jpg,"Have you heard of Marfa, Texas? [USA Road Trip]"
813,https://i.ytimg.com/vi/qlbeNdu5NMI/sddefault.jpg,Surviving the Texas FREEZE in our RV!
814,https://i.ytimg.com/vi/806sjTyVy2M/sddefault.jpg,"What To Do In Austin, Texas? // AUSTIN TRAVEL GUIDE"
815,https://i.ytimg.com/vi/d7BTwIWfDBQ/sddefault.jpg,ULTIMATE New Orleans Food Tour and Swamp Tour // New Orleans Travel Guide
816,https://i.ytimg.com/vi/goGIukJ5TNA/sddefault.jpg,"What To Do In Nashville, Tennessee // Nashville Travel Guide"
817,https://i.ytimg.com/vi/wGRBCDVLYiw/sddefault.jpg,How We Work Remotely On The Road [Working & Living in an RV full time]
818,https://i.ytimg.com/vi/aaFXwVUf7Z4/sddefault.jpg,"RVing Miami, Florida!"
819,https://i.ytimg.com/vi/s6bAxbc-GHM/sddefault.jpg,Best Florida Everglades National Park Airboat Ride!
820,https://i.ytimg.com/vi/HiBp-TQL5mc/sddefault.jpg,"RV Life in THE FLORIDA KEYS | Jolly Roger RV Resort, Bahia Honda State Park & Sombrero Beach"
821,https://i.ytimg.com/vi/iqJBPvX3Y34/sddefault.jpg,RV Life in THE FLORIDA KEYS!
822,https://i.ytimg.com/vi/wZz680LR06w/sddefault.jpg,Things to do in Key West ğŸŒ´
823,https://i.ytimg.com/vi/TErwg4rEl1c/sddefault.jpg,How we avoided a major RV tire blow out!
824,https://i.ytimg.com/vi/ud4p-PChHf4/sddefault.jpg,"Things To Do In St. Augustine, Florida (America's Oldest City)"
825,https://i.ytimg.com/vi/eY7cu89bbtY/sddefault.jpg,RV newbs cook their brakes towing down 15% steep grade ğŸ”¥ (Biggest RV mistake)
826,https://i.ytimg.com/vi/tvKdqkBCNNA/sddefault.jpg,"The Blue Ridge Mountains // Devil's Backbone Campground, Virginia"
827,https://i.ytimg.com/vi/lMhGXNE0w4w/sddefault.jpg,"Shenandoah National Park, Virginia // Full Time RV Life"
828,https://i.ytimg.com/vi/c4NoVR5Y1G4/sddefault.jpg,RVing the East Coast | VIRGINIA to PENNSYLVANIA to NEW YORK
829,https://i.ytimg.com/vi/jhisvM9xo7k/sddefault.jpg,We took our trailer on the NJ Turnpike! (LOW CLEARANCES)
830,https://i.ytimg.com/vi/UOBJPlmjBLg/sddefault.jpg,"Best Things To Do In Acadia National Park | Bar Harbor, Maine"
831,https://i.ytimg.com/vi/GdFGj6WGsf0/sddefault.jpg,"What To Do In Acadia National Park | Bar Harbor, Maine"
832,https://i.ytimg.com/vi/BvXm4hpcSZ4/sddefault.jpg,"Things To Do In Newport, Rhode Island!"
833,https://i.ytimg.com/vi/X6kFj6PP1Qw/sddefault.jpg,"Can the Seneca Lake Wine Trail compete with Napa Valley? // The Finger Lakes, New York"
834,https://i.ytimg.com/vi/iAAS9stlByw/sddefault.jpg,RVing Michigan | Billâ€™s Hot Dogs & Frankenmuth
835,https://i.ytimg.com/vi/ZQkz-mDmURs/sddefault.jpg,"The Magic of Mackinac Island, Michigan"
836,https://i.ytimg.com/vi/Y0z6jLjmwh0/sddefault.jpg,1st Year of RV Living - Everything we learned
837,https://i.ytimg.com/vi/mdQWkO4LXc0/sddefault.jpg,"Michigan's Hidden Gems: Harbor Springs, Petoskey, and Charlevoix!"
838,https://i.ytimg.com/vi/q0sbBphpPbU/sddefault.jpg,What To Do In Traverse City (Unsalted Edition)
839,https://i.ytimg.com/vi/fAYlLpQ1g1g/sddefault.jpg,Full Time RV Life [what an average week looks like]
840,https://i.ytimg.com/vi/wlRI16oE_rU/sddefault.jpg,Badlands National Park (ft. Wall Drug)
841,https://i.ytimg.com/vi/wa49AcsRBfc/sddefault.jpg,South Dakota's Hidden Gems: Custer State Park & The Black Hills
842,https://i.ytimg.com/vi/znds14zmMC0/sddefault.jpg,The Largest Mountain Carving In The World: Crazy Horse Memorial
843,https://i.ytimg.com/vi/Gg5nnTL40As/sddefault.jpg,"BEFORE YOU GO TO YELLOWSTONE NATIONAL PARK, WATCH THIS..."
844,https://i.ytimg.com/vi/ylHfr0HcB20/sddefault.jpg,"BEFORE YOU GO TO GRAND TETON NATIONAL PARK, WATCH THIS..."
845,https://i.ytimg.com/vi/UkvAIgy8Eso/sddefault.jpg,THE REALITIES OF RV LIFE (behind-the-scenes a month in our lives)
846,https://i.ytimg.com/vi/JRrgF8b8J8c/sddefault.jpg,"MOAB, UTAH // Arches National Park + Canyonlands National Park"
847,https://i.ytimg.com/vi/h9D8QIoMRcM/sddefault.jpg,Are we quitting RV life?
848,https://i.ytimg.com/vi/LJE__29E8pY/sddefault.jpg,RV LIVING COSTS: How much does it REALLY cost to full time RV?
849,https://i.ytimg.com/vi/NwNDLbsCylI/sddefault.jpg,How we found a USED RV online! (RV NEWBIE BUYING GUIDE)
850,https://i.ytimg.com/vi/3ygdtsSlEQk/sddefault.jpg,"American Living in Medellin, Colombia"
851,https://i.ytimg.com/vi/gR_cQT7mt9M/sddefault.jpg,FRENCH Language Guide For Travelers | Basic French Words + Phrases For Morocco!
852,https://i.ytimg.com/vi/CsIKzcG8wHs/sddefault.jpg,GERMAN Language Guide For Travel | Basic German Words + Phrases For Travelers!
853,https://i.ytimg.com/vi/GfqD5WqChUY/sddefault.jpg,How David Fincher Hijacks Your Eyes
854,https://i.ytimg.com/vi/ZMuvd7UMlLM/sddefault.jpg,RV ORGANIZATION & STORAGE // How we maximize space!
855,https://i.ytimg.com/vi/Awrleb1QgZk/sddefault.jpg,Australia Travel Guide | Summary of our 3 years living in Australia! (Sydney & Melbourne)
856,https://i.ytimg.com/vi/2TJUO9aQq9Q/sddefault.jpg,Why ICELAND Is The Best Country In The World! (ICELAND TRAVEL GUIDE)
857,https://i.ytimg.com/vi/bWvoqAO4qnc/sddefault.jpg,How To Travel Montenegro - Is it worth visiting? | Montenegro Travel Guide (Crna Gora)
858,https://i.ytimg.com/vi/JfA5baW3Q6c/sddefault.jpg,Is Colombia safe? Is MedellÃ­n still dangerous? | The News & Netflix vs. The NEW Colombia
859,https://i.ytimg.com/vi/e0UCdI4YrLg/sddefault.jpg,"CARTAGENA, COLOMBIA ğŸ‡¨ğŸ‡´| What to do, What to see, Where to Eat & TOURIST TRAPS"
860,https://i.ytimg.com/vi/udrJdmczle0/sddefault.jpg,Budapest Travel Guide | 15 Things To See and Do in Budapest!
861,https://i.ytimg.com/vi/opi4rJpFiRE/sddefault.jpg,"Week in Cartagena, Colombia  | What To Expect Exploring The Historic Old Town!"
862,https://i.ytimg.com/vi/Oggcv90sN34/sddefault.jpg,Top Things to do in BELGRADE SERBIA!! Not what you expect! (Belgrade Travel Guide)
863,https://i.ytimg.com/vi/GZfrrUG9GyA/sddefault.jpg,"What to do in Kiev, Ukraine [KIEV TRAVEL GUIDE]"
864,https://i.ytimg.com/vi/2TJUO9aQq9Q/sddefault.jpg,Why ICELAND Is The Best Country In The World! (ICELAND TRAVEL GUIDE)
865,https://i.ytimg.com/vi/a0noPxWyVaM/sddefault.jpg,"Prague Travel Guide | Tourist Traps, Scams, Best Viewpoints, and Weird Statues! (Praha)"
866,https://i.ytimg.com/vi/Awrleb1QgZk/sddefault.jpg,Australia Travel Guide | Summary of our 3 years living in Australia! (Sydney & Melbourne)
867,https://i.ytimg.com/vi/XOUXQtRyCbQ/sddefault.jpg,Americans In Beirut During Revolution in Lebanon (Our Experience)
868,https://i.ytimg.com/vi/RDxvjPWVOJY/sddefault.jpg,Is Morocco worth visiting? | 14 Reasons Why You Should Visit Morocco!
869,https://i.ytimg.com/vi/gR_cQT7mt9M/sddefault.jpg,FRENCH Language Guide For Travelers | Basic French Words + Phrases For Morocco!
870,https://i.ytimg.com/vi/rIRngXMbPIY/sddefault.jpg,The Best Of Morocco! [6 Moroccan Cities You Must Visit]
871,https://i.ytimg.com/vi/CsIKzcG8wHs/sddefault.jpg,GERMAN Language Guide For Travel | Basic German Words + Phrases For Travelers!
872,https://i.ytimg.com/vi/ntd3PjXtuVQ/sddefault.jpg,"25 things to do in Lisbon, Portugal!"
873,https://i.ytimg.com/vi/2Nx3pEhhUS0/sddefault.jpg,"Epic Portugal Roadtrip (Porto - Lisbon - Algarve - Ã“bidos - NazarÃ© - Coimbra, and Aveiro)"
874,https://i.ytimg.com/vi/m66wKY6K96U/sddefault.jpg,"48 Hours in Porto, Portugal (First impressions!)"
875,https://i.ytimg.com/vi/-HPQNzukYyM/sddefault.jpg,"First Impressions of Cape Town, South Africa"
876,https://i.ytimg.com/vi/1WE_KZLpS-I/sddefault.jpg,Is Cape Town safe?
877,https://i.ytimg.com/vi/7CkM8ngCfao/sddefault.jpg,Why 99.7% of Madeira MUST be seen with a car
878,https://i.ytimg.com/vi/8Xbs-hGCe3Q/sddefault.jpg,Couple finds the least abusive Turkish Bath in Istanbul
879,https://i.ytimg.com/vi/CbU1mYXFR9o/sddefault.jpg,"Nicknamed ""Europeâ€™s G-SPOT""â€¦what the heck is VILNIUS?"
880,https://i.ytimg.com/vi/CpN1kV_q2Xs/sddefault.jpg,I flew to Istanbul for a REAL Turkish Barber
881,https://i.ytimg.com/vi/ESr2tYsKuZY/sddefault.jpg,Finland is SUPER WEIRD (Why are people so happy here?)
882,https://i.ytimg.com/vi/GzEHdSqWumk/sddefault.jpg,Scottish Highlands Travel Guide | SCOTLAND
883,https://i.ytimg.com/vi/LzeiXev_zeU/sddefault.jpg,BEST 6 THINGS TO DO IN EDINBURGH SCOTLAND!
884,https://i.ytimg.com/vi/NbXbbCt9bns/sddefault.jpg,"48 hours in Riga, Latvia: Low Cost and High-Quality European Life"
885,https://i.ytimg.com/vi/S1bv9zKqerg/sddefault.jpg,"Robots have taken over Tallinn, Estonia! (The most FUTURISTIC city in Europe)"
886,https://i.ytimg.com/vi/SPhPhlw1lp4/sddefault.jpg,Best things to do in Cape Town 2023
887,https://i.ytimg.com/vi/SlJ3Ub2fmo4/sddefault.jpg,ISTANBUL TRAVEL GUIDE 2023!
888,https://i.ytimg.com/vi/Tic0ljkBwMQ/sddefault.jpg,30 AMAZING TURKISH STREET FOODS!
889,https://i.ytimg.com/vi/jJNobul48XM/sddefault.jpg,Surviving 28 hours on an airplane (terrible idea)
890,https://i.ytimg.com/vi/qJU5e-9XLm8/sddefault.jpg,Istanbul 2023
891,https://i.ytimg.com/vi/sOm8DfbyF1s/sddefault.jpg,What to EXPECT hiking Table Mountain & Lion's Head in Cape Town!
892,https://i.ytimg.com/vi/walaHUkoCGE/sddefault.jpg,Cape Town's Most Affluent Suburbs (where tourists stay)
893,https://i.ytimg.com/vi/zSYCjfG0J3g/sddefault.jpg,The problem with Madeira
894,https://i.ytimg.com/vi/zp8FQFVyFOw/sddefault.jpg,EDINBURGH SCOTLAND TRAVEL GUIDE 2023
895,https://i.ytimg.com/vi/tCeSP36C7g0/sddefault.jpg,"Cyprus Travel Guide | Ayia Napa, Nissi Beach, Konnos Beach, Love Bridge and more!"
